input_text,target_text
学习安排已定，下学期的最后一周考试。 ,"{""month"": ""none"", ""week"": ""none"", ""weekday"": ""none"", ""day"": ""none"", ""term"": ""1""}"
朋友询问课程安排，告知其后天下午有课。 ,"{""month"": ""0"", ""week"": ""none"", ""weekday"": ""none"", ""day"": ""2"", ""term"": ""none""}"
公司有重要事务，下个月星期六开会商议。 ,"{""month"": ""1"", ""week"": ""none"", ""weekday"": ""6"", ""day"": ""none"", ""term"": ""none""}"
项目推进遇问题，本月周三开会商讨解决方案 ,"{""month"": ""0"", ""week"": ""none"", ""weekday"": ""3"", ""day"": ""none"", ""term"": ""none""}"
学习安排已定，下学期的最后一周考试 ,"{""month"": ""none"", ""week"": ""none"", ""weekday"": ""none"", ""day"": ""none"", ""term"": ""1""}"
校园学习节奏里，上学期的最后一周考试 ,"{""month"": ""none"", ""week"": ""none"", ""weekday"": ""none"", ""day"": ""none"", ""term"": ""-1""}"
临近学期结束，上学期的最后一周考试。 ,"{""month"": ""none"", ""week"": ""none"", ""weekday"": ""none"", ""day"": ""none"", ""term"": ""-1""}"
课程安排出来了，后天下午有课。 ,"{""month"": ""0"", ""week"": ""none"", ""weekday"": ""none"", ""day"": ""2"", ""term"": ""none""}"
学校安排课程进度，下学期的最后一周考试 ,"{""month"": ""none"", ""week"": ""none"", ""weekday"": ""none"", ""day"": ""none"", ""term"": ""1""}"
学习即将收官，本学期的最后一周考试 ,"{""month"": ""none"", ""week"": ""none"", ""weekday"": ""none"", ""day"": ""none"", ""term"": ""0""}"
公司安排会议，记得上个月周六开会这件事。 ,"{""month"": ""-1"", ""week"": ""none"", ""weekday"": ""6"", ""day"": ""none"", ""term"": ""none""}"
课程安排已定，后天下午有课需做好准备 ,"{""month"": ""0"", ""week"": ""none"", ""weekday"": ""none"", ""day"": ""2"", ""term"": ""none""}"
近期工作安排，原本计划下个月周天开会。 ,"{""month"": ""1"", ""week"": ""none"", ""weekday"": ""7"", ""day"": ""none"", ""term"": ""none""}"
我记得，之前有安排，前天下午有课。 ,"{""month"": ""0"", ""week"": ""none"", ""weekday"": ""none"", ""day"": ""-2"", ""term"": ""none""}"
我记得，当时的课程安排是前天下午有课。 ,"{""month"": ""0"", ""week"": ""none"", ""weekday"": ""none"", ""day"": ""-2"", ""term"": ""none""}"
得知课程安排，今天下午有课，得提前做好准备。 ,"{""month"": ""0"", ""week"": ""none"", ""weekday"": ""none"", ""day"": ""0"", ""term"": ""none""}"
朋友问日程，告知对方明天下午有课。 ,"{""month"": ""0"", ""week"": ""none"", ""weekday"": ""none"", ""day"": ""1"", ""term"": ""none""}"
公司通知，本月星期日开会，望大家准时参加。 ,"{""month"": ""0"", ""week"": ""none"", ""weekday"": ""7"", ""day"": ""none"", ""term"": ""none""}"
得知课程安排，今天下午有课，得提前做好准备。 ,"{""month"": ""0"", ""week"": ""none"", ""weekday"": ""none"", ""day"": ""0"", ""term"": ""none""}"
公司安排会议，本月周日开会 ,"{""month"": ""0"", ""week"": ""none"", ""weekday"": ""7"", ""day"": ""none"", ""term"": ""none""}"
学校教学安排，本学期的最后一周考试 ,"{""month"": ""none"", ""week"": ""none"", ""weekday"": ""none"", ""day"": ""none"", ""term"": ""0""}"
公司安排重要会议，本月星期一开会。 ,"{""month"": ""0"", ""week"": ""none"", ""weekday"": ""1"", ""day"": ""none"", ""term"": ""none""}"
课程即将结束，下学期的最后一周考试 ,"{""month"": ""none"", ""week"": ""none"", ""weekday"": ""none"", ""day"": ""none"", ""term"": ""1""}"
公司安排重要事务讨论，本月星期五开会 ,"{""month"": ""0"", ""week"": ""none"", ""weekday"": ""5"", ""day"": ""none"", ""term"": ""none""}"
学校安排课程学习后，下学期的最后一周考试 ,"{""month"": ""none"", ""week"": ""none"", ""weekday"": ""none"", ""day"": ""none"", ""term"": ""1""}"
公司近期工作安排，本月星期三开会 ,"{""month"": ""0"", ""week"": ""none"", ""weekday"": ""3"", ""day"": ""none"", ""term"": ""none""}"
近期工作安排，某个周五开会商讨项目事宜。 ,"{""month"": ""1"", ""week"": ""none"", ""weekday"": ""5"", ""day"": ""none"", ""term"": ""none""}"
工作安排有变动，本月周五开会商议相关事宜。 ,"{""month"": ""0"", ""week"": ""none"", ""weekday"": ""5"", ""day"": ""none"", ""term"": ""none""}"
刚得知课程安排，明天下午有课。 ,"{""month"": ""0"", ""week"": ""none"", ""weekday"": ""none"", ""day"": ""1"", ""term"": ""none""}"
近期安排工作会议，于星期六举行。下个月星期六开会。 ,"{""month"": ""1"", ""week"": ""none"", ""weekday"": ""6"", ""day"": ""none"", ""term"": ""none""}"
项目推进需讨论，安排周一开会 ,"{""month"": ""1"", ""week"": ""none"", ""weekday"": ""1"", ""day"": ""none"", ""term"": ""none""}"
学校安排课程学习结束后，上学期的最后一周考试。 ,"{""month"": ""none"", ""week"": ""none"", ""weekday"": ""none"", ""day"": ""none"", ""term"": ""-1""}"
刚得知课程安排，明天下午有课。 ,"{""month"": ""0"", ""week"": ""none"", ""weekday"": ""none"", ""day"": ""1"", ""term"": ""none""}"
学习安排已定，下学期的最后一周考试。 ,"{""month"": ""none"", ""week"": ""none"", ""weekday"": ""none"", ""day"": ""none"", ""term"": ""1""}"
课程安排已出，明天下午有课 ,"{""month"": ""0"", ""week"": ""none"", ""weekday"": ""none"", ""day"": ""1"", ""term"": ""none""}"
学习接近尾声，本学期的最后一周考试 ,"{""month"": ""none"", ""week"": ""none"", ""weekday"": ""none"", ""day"": ""none"", ""term"": ""0""}"
部门安排会议，之前某周星期四已开过会。 ,"{""month"": ""-1"", ""week"": ""none"", ""weekday"": ""4"", ""day"": ""none"", ""term"": ""none""}"
课程安排已出，显示后天下午有课。 ,"{""month"": ""0"", ""week"": ""none"", ""weekday"": ""none"", ""day"": ""2"", ""term"": ""none""}"
回忆起某次课程安排，昨天下午有课。 ,"{""month"": ""0"", ""week"": ""none"", ""weekday"": ""none"", ""day"": ""-1"", ""term"": ""none""}"
学校教学安排，本学期的最后一周考试。 ,"{""month"": ""none"", ""week"": ""none"", ""weekday"": ""none"", ""day"": ""none"", ""term"": ""0""}"
课程安排已定，后天下午有课。 ,"{""month"": ""0"", ""week"": ""none"", ""weekday"": ""none"", ""day"": ""2"", ""term"": ""none""}"
学习即将收尾，本学期的最后一周考试。 ,"{""month"": ""none"", ""week"": ""none"", ""weekday"": ""none"", ""day"": ""none"", ""term"": ""0""}"
学习计划已定，下学期的最后一周考试。 ,"{""month"": ""none"", ""week"": ""none"", ""weekday"": ""none"", ""day"": ""none"", ""term"": ""1""}"
课程安排已出，明天下午有课。 ,"{""month"": ""0"", ""week"": ""none"", ""weekday"": ""none"", ""day"": ""1"", ""term"": ""none""}"
回顾校园生活，上学期的最后一周考试很紧张 ,"{""month"": ""none"", ""week"": ""none"", ""weekday"": ""none"", ""day"": ""none"", ""term"": ""-1""}"
学校安排课程结束后，上学期的最后一周考试 ,"{""month"": ""none"", ""week"": ""none"", ""weekday"": ""none"", ""day"": ""none"", ""term"": ""-1""}"
学校安排了考试安排，本学期的最后一周考试 ,"{""month"": ""none"", ""week"": ""none"", ""weekday"": ""none"", ""day"": ""none"", ""term"": ""0""}"
学习即将收官，本学期的最后一周考试。 ,"{""month"": ""none"", ""week"": ""none"", ""weekday"": ""none"", ""day"": ""none"", ""term"": ""0""}"
近期学习安排里，后天下午有课。 ,"{""month"": ""0"", ""week"": ""none"", ""weekday"": ""none"", ""day"": ""2"", ""term"": ""none""}"
工作安排里，之前那次星期一开会讨论项目进展。 ,"{""month"": ""-1"", ""week"": ""none"", ""weekday"": ""1"", ""day"": ""none"", ""term"": ""none""}"
近期学习安排里，明天下午有课。 ,"{""month"": ""0"", ""week"": ""none"", ""weekday"": ""none"", ""day"": ""1"", ""term"": ""none""}"
得知课程安排，我记起后天下午有课。 ,"{""month"": ""0"", ""week"": ""none"", ""weekday"": ""none"", ""day"": ""2"", ""term"": ""none""}"
通知大家，下个月星期六于会议室开会。 ,"{""month"": ""1"", ""week"": ""none"", ""weekday"": ""6"", ""day"": ""none"", ""term"": ""none""}"
公司例会安排有规律，上个月周二开会 ,"{""month"": ""-1"", ""week"": ""none"", ""weekday"": ""2"", ""day"": ""none"", ""term"": ""none""}"
公司临时安排，上个月周六开会讨论项目事宜。 ,"{""month"": ""-1"", ""week"": ""none"", ""weekday"": ""6"", ""day"": ""none"", ""term"": ""none""}"
学习安排已定，下学期的最后一周考试 ,"{""month"": ""none"", ""week"": ""none"", ""weekday"": ""none"", ""day"": ""none"", ""term"": ""1""}"
得知课程安排，明天下午有课，得提前做好准备。 ,"{""month"": ""0"", ""week"": ""none"", ""weekday"": ""none"", ""day"": ""1"", ""term"": ""none""}"
近期有重要事务，下个月星期天开会商讨相关事宜 ,"{""month"": ""1"", ""week"": ""none"", ""weekday"": ""7"", ""day"": ""none"", ""term"": ""none""}"
工作安排，本月周六全体人员集中开会。 ,"{""month"": ""0"", ""week"": ""none"", ""weekday"": ""6"", ""day"": ""none"", ""term"": ""none""}"
近期有重要事务，安排到星期一开会 ,"{""month"": ""1"", ""week"": ""none"", ""weekday"": ""1"", ""day"": ""none"", ""term"": ""none""}"
课程安排紧凑，记得昨天下午有课别忘啦。 ,"{""month"": ""0"", ""week"": ""none"", ""weekday"": ""none"", ""day"": ""-1"", ""term"": ""none""}"
项目推进需交流，下个月周天开会商讨相关事宜。 ,"{""month"": ""1"", ""week"": ""none"", ""weekday"": ""7"", ""day"": ""none"", ""term"": ""none""}"
回顾学习历程，上学期的最后一周考试很关键 ,"{""month"": ""none"", ""week"": ""none"", ""weekday"": ""none"", ""day"": ""none"", ""term"": ""-1""}"
朋友询问课程安排，告知其有课。后天下午有课。 ,"{""month"": ""0"", ""week"": ""none"", ""weekday"": ""none"", ""day"": ""2"", ""term"": ""none""}"
课程安排已定，“后天下午有课”，大家提前做好准备。 ,"{""month"": ""0"", ""week"": ""none"", ""weekday"": ""none"", ""day"": ""2"", ""term"": ""none""}"
学校课程安排紧凑，记得昨天下午有课。 ,"{""month"": ""0"", ""week"": ""none"", ""weekday"": ""none"", ""day"": ""-1"", ""term"": ""none""}"
我查了课表，发现明天下午有课。 ,"{""month"": ""0"", ""week"": ""none"", ""weekday"": ""none"", ""day"": ""1"", ""term"": ""none""}"
课程安排已出，后天下午有课，得提前做好准备。 ,"{""month"": ""0"", ""week"": ""none"", ""weekday"": ""none"", ""day"": ""2"", ""term"": ""none""}"
我查看课程安排，发现后天下午有课。 ,"{""month"": ""0"", ""week"": ""none"", ""weekday"": ""none"", ""day"": ""2"", ""term"": ""none""}"
项目推进需沟通，下个月周二开会讨论方案。 ,"{""month"": ""1"", ""week"": ""none"", ""weekday"": ""2"", ""day"": ""none"", ""term"": ""none""}"
朋友询问安排，告知其明天下午有课。 ,"{""month"": ""0"", ""week"": ""none"", ""weekday"": ""none"", ""day"": ""1"", ""term"": ""none""}"
学习即将收尾，本学期的最后一周考试。 ,"{""month"": ""none"", ""week"": ""none"", ""weekday"": ""none"", ""day"": ""none"", ""term"": ""0""}"
公司安排会议，本月星期一开会商议项目事宜。 ,"{""month"": ""0"", ""week"": ""none"", ""weekday"": ""1"", ""day"": ""none"", ""term"": ""none""}"
回顾学习阶段，上学期的最后一周考试来临 ,"{""month"": ""none"", ""week"": ""none"", ""weekday"": ""none"", ""day"": ""none"", ""term"": ""-1""}"
学校课程安排紧凑，记得前天下午有课。 ,"{""month"": ""0"", ""week"": ""none"", ""weekday"": ""none"", ""day"": ""-2"", ""term"": ""none""}"
公司安排重要事宜，届时星期三开会 ,"{""month"": ""1"", ""week"": ""none"", ""weekday"": ""3"", ""day"": ""none"", ""term"": ""none""}"
公司有重要事务，上个月星期六开会商议。 ,"{""month"": ""-1"", ""week"": ""none"", ""weekday"": ""6"", ""day"": ""none"", ""term"": ""none""}"
课程学习结束，下学期的最后一周考试。 ,"{""month"": ""none"", ""week"": ""none"", ""weekday"": ""none"", ""day"": ""none"", ""term"": ""1""}"
工作安排明确，周日开会商讨项目相关事宜。 ,"{""month"": ""1"", ""week"": ""none"", ""weekday"": ""7"", ""day"": ""none"", ""term"": ""none""}"
项目推进需沟通，计划在周四开会。 ,"{""month"": ""1"", ""week"": ""none"", ""weekday"": ""4"", ""day"": ""none"", ""term"": ""none""}"
学习安排紧凑，今天下午有课，需提前做好准备。 ,"{""month"": ""0"", ""week"": ""none"", ""weekday"": ""none"", ""day"": ""0"", ""term"": ""none""}"
课程学习接近尾声，下学期的最后一周考试 ,"{""month"": ""none"", ""week"": ""none"", ""weekday"": ""none"", ""day"": ""none"", ""term"": ""1""}"
学校安排课程进度，下学期的最后一周考试。 ,"{""month"": ""none"", ""week"": ""none"", ""weekday"": ""none"", ""day"": ""none"", ""term"": ""1""}"
学业安排里，上学期的最后一周考试 ,"{""month"": ""none"", ""week"": ""none"", ""weekday"": ""none"", ""day"": ""none"", ""term"": ""-1""}"
校园学习阶段，上学期的最后一周考试 ,"{""month"": ""none"", ""week"": ""none"", ""weekday"": ""none"", ""day"": ""none"", ""term"": ""-1""}"
学校安排课程学习结束后，上学期的最后一周考试,"{""month"": ""none"", ""week"": ""none"", ""weekday"": ""none"", ""day"": ""none"", ""term"": ""-1""}"
得知课程安排，明天下午有课需提前做好准备。 ,"{""month"": ""0"", ""week"": ""none"", ""weekday"": ""none"", ""day"": ""1"", ""term"": ""none""}"
工作安排有变，原本计划下个月星期五开会。 ,"{""month"": ""1"", ""week"": ""none"", ""weekday"": ""5"", ""day"": ""none"", ""term"": ""none""}"
工作安排，届时在下个月周二开会商议事宜。 ,"{""month"": ""1"", ""week"": ""none"", ""weekday"": ""2"", ""day"": ""none"", ""term"": ""none""}"
学校安排课程进度，下学期的最后一周考试 ,"{""month"": ""none"", ""week"": ""none"", ""weekday"": ""none"", ""day"": ""none"", ""term"": ""1""}"
听说课程安排有变，明天下午有课。 ,"{""month"": ""0"", ""week"": ""none"", ""weekday"": ""none"", ""day"": ""1"", ""term"": ""none""}"
项目推进遇问题，本月周二开会商讨解决方案。 ,"{""month"": ""0"", ""week"": ""none"", ""weekday"": ""2"", ""day"": ""none"", ""term"": ""none""}"
学校安排课程学习结束后，上学期的最后一周考试 ,"{""month"": ""none"", ""week"": ""none"", ""weekday"": ""none"", ""day"": ""none"", ""term"": ""-1""}"
学习生涯里，上学期的最后一周考试让人紧张。 ,"{""month"": ""none"", ""week"": ""none"", ""weekday"": ""none"", ""day"": ""none"", ""term"": ""-1""}"
工作安排里，记得此前周五那次会议要跟进。 ,"{""month"": ""-1"", ""week"": ""none"", ""weekday"": ""5"", ""day"": ""none"", ""term"": ""none""}"
公司安排会议，原本定好的时间是星期二开会 ,"{""month"": ""1"", ""week"": ""none"", ""weekday"": ""2"", ""day"": ""none"", ""term"": ""none""}"
公司有重要事务安排，上个月星期天开会 ,"{""month"": ""-1"", ""week"": ""none"", ""weekday"": ""7"", ""day"": ""none"", ""term"": ""none""}"
日程安排里，昨天下午有课需提前做好准备 ,"{""month"": ""0"", ""week"": ""none"", ""weekday"": ""none"", ""day"": ""-1"", ""term"": ""none""}"
公司安排会议，周六需参会，具体就是下个月那次 ,"{""month"": ""1"", ""week"": ""none"", ""weekday"": ""6"", ""day"": ""none"", ""term"": ""none""}"
公司会议安排里，上个月周一曾组织开会 ,"{""month"": ""-1"", ""week"": ""none"", ""weekday"": ""1"", ""day"": ""none"", ""term"": ""none""}"
学习安排紧凑，今天下午有课需认真对待 ,"{""month"": ""0"", ""week"": ""none"", ""weekday"": ""none"", ""day"": ""0"", ""term"": ""none""}"
原本计划出门，不想昨天下午有课只能作罢。 ,"{""month"": ""0"", ""week"": ""none"", ""weekday"": ""none"", ""day"": ""-1"", ""term"": ""none""}"
学校教学安排，本学期的最后一周考试 ,"{""month"": ""none"", ""week"": ""none"", ""weekday"": ""none"", ""day"": ""none"", ""term"": ""0""}"
校园学习节奏中，上学期的最后一周考试。 ,"{""month"": ""none"", ""week"": ""none"", ""weekday"": ""none"", ""day"": ""none"", ""term"": ""-1""}"
同学告知，今天下午有课，得提前做好准备。 ,"{""month"": ""0"", ""week"": ""none"", ""weekday"": ""none"", ""day"": ""0"", ""term"": ""none""}"
学校安排课程结束后，上学期的最后一周考试 ,"{""month"": ""none"", ""week"": ""none"", ""weekday"": ""none"", ""day"": ""none"", ""term"": ""-1""}"
刚得知课程安排，明天下午有课。 ,"{""month"": ""0"", ""week"": ""none"", ""weekday"": ""none"", ""day"": ""1"", ""term"": ""none""}"
公司有重要事务，周日开会商讨相关事宜 ,"{""month"": ""1"", ""week"": ""none"", ""weekday"": ""7"", ""day"": ""none"", ""term"": ""none""}"
公司近期安排工作，下个月星期四开会 ,"{""month"": ""1"", ""week"": ""none"", ""weekday"": ""4"", ""day"": ""none"", ""term"": ""none""}"
回忆课程安排，想起之前有天下午有课。 ,"{""month"": ""0"", ""week"": ""none"", ""weekday"": ""none"", ""day"": ""-2"", ""term"": ""none""}"
得知课程安排，明天下午有课，得提前做好准备。 ,"{""month"": ""0"", ""week"": ""none"", ""weekday"": ""none"", ""day"": ""1"", ""term"": ""none""}"
工作安排，届时按通知，下个月星期四开会 ,"{""month"": ""1"", ""week"": ""none"", ""weekday"": ""4"", ""day"": ""none"", ""term"": ""none""}"
学习即将收尾，本学期的最后一周考试 ,"{""month"": ""none"", ""week"": ""none"", ""weekday"": ""none"", ""day"": ""none"", ""term"": ""0""}"
公司安排会议，本月星期一开会，大家提前准备。 ,"{""month"": ""0"", ""week"": ""none"", ""weekday"": ""1"", ""day"": ""none"", ""term"": ""none""}"
我记得，之前那会的某天下午有课，就是前天那次。 ,"{""month"": ""0"", ""week"": ""none"", ""weekday"": ""none"", ""day"": ""-2"", ""term"": ""none""}"
项目推进阶段，上个月周六开会讨论关键问题 ,"{""month"": ""-1"", ""week"": ""none"", ""weekday"": ""6"", ""day"": ""none"", ""term"": ""none""}"
学习安排已定，后天下午有课得提前做好准备。 ,"{""month"": ""0"", ""week"": ""none"", ""weekday"": ""none"", ""day"": ""2"", ""term"": ""none""}"
校园学习生活里，上学期的最后一周考试 ,"{""month"": ""none"", ""week"": ""none"", ""weekday"": ""none"", ""day"": ""none"", ""term"": ""-1""}"
近期安排会议，通知下个月星期三开会 ,"{""month"": ""1"", ""week"": ""none"", ""weekday"": ""3"", ""day"": ""none"", ""term"": ""none""}"
学习生活临近收尾，上学期的最后一周考试 ,"{""month"": ""none"", ""week"": ""none"", ""weekday"": ""none"", ""day"": ""none"", ""term"": ""-1""}"
室友问我安排，我说今天下午有课。 ,"{""month"": ""0"", ""week"": ""none"", ""weekday"": ""none"", ""day"": ""0"", ""term"": ""none""}"
回顾学习历程，上学期的最后一周考试来临 ,"{""month"": ""none"", ""week"": ""none"", ""weekday"": ""none"", ""day"": ""none"", ""term"": ""-1""}"
工作安排确定，本月周五开会沟通项目进展。 ,"{""month"": ""0"", ""week"": ""none"", ""weekday"": ""5"", ""day"": ""none"", ""term"": ""none""}"
学习安排已定，下学期的最后一周考试 ,"{""month"": ""none"", ""week"": ""none"", ""weekday"": ""none"", ""day"": ""none"", ""term"": ""1""}"
学习安排紧凑，记得前天下午有课。 ,"{""month"": ""0"", ""week"": ""none"", ""weekday"": ""none"", ""day"": ""-2"", ""term"": ""none""}"
公司有重要事项，下个月星期天开会商议。 ,"{""month"": ""1"", ""week"": ""none"", ""weekday"": ""7"", ""day"": ""none"", ""term"": ""none""}"
同学告知，我今天下午有课，得提前做好准备。 ,"{""month"": ""0"", ""week"": ""none"", ""weekday"": ""none"", ""day"": ""0"", ""term"": ""none""}"
学习即将收尾，本学期的最后一周考试 ,"{""month"": ""none"", ""week"": ""none"", ""weekday"": ""none"", ""day"": ""none"", ""term"": ""0""}"
临近学期末，学生们迎来上学期的最后一周考试。 ,"{""month"": ""none"", ""week"": ""none"", ""weekday"": ""none"", ""day"": ""none"", ""term"": ""-1""}"
近期课程安排里，后天下午有课。 ,"{""month"": ""0"", ""week"": ""none"", ""weekday"": ""none"", ""day"": ""2"", ""term"": ""none""}"
公司工作安排，曾有一次周三开会 ,"{""month"": ""-1"", ""week"": ""none"", ""weekday"": ""3"", ""day"": ""none"", ""term"": ""none""}"
学校安排课程结束后，上学期的最后一周考试 ,"{""month"": ""none"", ""week"": ""none"", ""weekday"": ""none"", ""day"": ""none"", ""term"": ""-1""}"
我刚得知，明天下午有课，得提前做好准备。 ,"{""month"": ""0"", ""week"": ""none"", ""weekday"": ""none"", ""day"": ""1"", ""term"": ""none""}"
近期课程安排里，记得前天下午有课。 ,"{""month"": ""0"", ""week"": ""none"", ""weekday"": ""none"", ""day"": ""-2"", ""term"": ""none""}"
安排工作，届时全体人员需参加，下个月星期一开会 ,"{""month"": ""1"", ""week"": ""none"", ""weekday"": ""1"", ""day"": ""none"", ""term"": ""none""}"
校园学习日程里，上学期的最后一周考试 ,"{""month"": ""none"", ""week"": ""none"", ""weekday"": ""none"", ""day"": ""none"", ""term"": ""-1""}"
得知课程安排，今天下午有课要参加学习了。 ,"{""month"": ""0"", ""week"": ""none"", ""weekday"": ""none"", ""day"": ""0"", ""term"": ""none""}"
近期工作安排，周日开会探讨项目进展事宜。 ,"{""month"": ""1"", ""week"": ""none"", ""weekday"": ""7"", ""day"": ""none"", ""term"": ""none""}"
公司近期安排工作会议，周四开会 ,"{""month"": ""1"", ""week"": ""none"", ""weekday"": ""4"", ""day"": ""none"", ""term"": ""none""}"
回顾学习历程，上学期的最后一周考试。 ,"{""month"": ""none"", ""week"": ""none"", ""weekday"": ""none"", ""day"": ""none"", ""term"": ""-1""}"
公司安排会议，上个月星期天开会商讨项目事宜 ,"{""month"": ""-1"", ""week"": ""none"", ""weekday"": ""7"", ""day"": ""none"", ""term"": ""none""}"
公司工作安排，上个月周六开会处理紧急事务 ,"{""month"": ""-1"", ""week"": ""none"", ""weekday"": ""6"", ""day"": ""none"", ""term"": ""none""}"
室友告知，自己今天下午有课得提前准备。 ,"{""month"": ""0"", ""week"": ""none"", ""weekday"": ""none"", ""day"": ""0"", ""term"": ""none""}"
校园学习节奏里，上学期的最后一周考试 ,"{""month"": ""none"", ""week"": ""none"", ""weekday"": ""none"", ""day"": ""none"", ""term"": ""-1""}"
我课程安排比较多，记得前天下午有课。 ,"{""month"": ""0"", ""week"": ""none"", ""weekday"": ""none"", ""day"": ""-2"", ""term"": ""none""}"
学习生活临近收尾，上学期的最后一周考试 ,"{""month"": ""none"", ""week"": ""none"", ""weekday"": ""none"", ""day"": ""none"", ""term"": ""-1""}"
近期安排日程，下个月星期日开会 ,"{""month"": ""1"", ""week"": ""none"", ""weekday"": ""7"", ""day"": ""none"", ""term"": ""none""}"
回忆课程安排，昨天下午有课。 ,"{""month"": ""0"", ""week"": ""none"", ""weekday"": ""none"", ""day"": ""-1"", ""term"": ""none""}"
课程学习接近尾声，下学期的最后一周考试 ,"{""month"": ""none"", ""week"": ""none"", ""weekday"": ""none"", ""day"": ""none"", ""term"": ""1""}"
室友询问日程，我告知今天下午有课。 ,"{""month"": ""0"", ""week"": ""none"", ""weekday"": ""none"", ""day"": ""0"", ""term"": ""none""}"
回忆校园生活，只记得有一天下午有课。 ,"{""month"": ""0"", ""week"": ""none"", ""weekday"": ""none"", ""day"": ""-1"", ""term"": ""none""}"
学习安排已定，下学期的最后一周考试。 ,"{""month"": ""none"", ""week"": ""none"", ""weekday"": ""none"", ""day"": ""none"", ""term"": ""1""}"
日程安排里，今天下午有课得提前做好准备。 ,"{""month"": ""0"", ""week"": ""none"", ""weekday"": ""none"", ""day"": ""0"", ""term"": ""none""}"
学习安排紧凑，记忆里，当时下午有课。 ,"{""month"": ""0"", ""week"": ""none"", ""weekday"": ""none"", ""day"": ""-1"", ""term"": ""none""}"
得知课程安排，明天下午有课需提前做好准备。 ,"{""month"": ""0"", ""week"": ""none"", ""weekday"": ""none"", ""day"": ""1"", ""term"": ""none""}"
公司安排会议，记得上个月周日开会别忘啦。 ,"{""month"": ""-1"", ""week"": ""none"", ""weekday"": ""7"", ""day"": ""none"", ""term"": ""none""}"
临近学期结束，上学期的最后一周考试 ,"{""month"": ""none"", ""week"": ""none"", ""weekday"": ""none"", ""day"": ""none"", ""term"": ""-1""}"
学校安排课程结束后，本学期的最后一周考试 ,"{""month"": ""none"", ""week"": ""none"", ""weekday"": ""none"", ""day"": ""none"", ""term"": ""0""}"
学期安排紧凑，上学期的最后一周考试。 ,"{""month"": ""none"", ""week"": ""none"", ""weekday"": ""none"", ""day"": ""none"", ""term"": ""-1""}"
课程安排紧凑，记得昨天下午有课别忘啦。 ,"{""month"": ""0"", ""week"": ""none"", ""weekday"": ""none"", ""day"": ""-1"", ""term"": ""none""}"
学习安排已定，下学期的最后一周考试 ,"{""month"": ""none"", ""week"": ""none"", ""weekday"": ""none"", ""day"": ""none"", ""term"": ""1""}"
回顾校园生活，上学期的最后一周考试令人难忘 ,"{""month"": ""none"", ""week"": ""none"", ""weekday"": ""none"", ""day"": ""none"", ""term"": ""-1""}"
室友询问课程安排，告知其今天下午有课 ,"{""month"": ""0"", ""week"": ""none"", ""weekday"": ""none"", ""day"": ""0"", ""term"": ""none""}"
公司安排会议，记得之前有次星期三开过会,"{""month"": ""-1"", ""week"": ""none"", ""weekday"": ""3"", ""day"": ""none"", ""term"": ""none""}"
近期课程安排里，昨天下午有课。 ,"{""month"": ""0"", ""week"": ""none"", ""weekday"": ""none"", ""day"": ""-1"", ""term"": ""none""}"
公司安排会议，本月星期四开会讨论项目进展。 ,"{""month"": ""0"", ""week"": ""none"", ""weekday"": ""4"", ""day"": ""none"", ""term"": ""none""}"
我查了课程安排，后天下午有课。 ,"{""month"": ""0"", ""week"": ""none"", ""weekday"": ""none"", ""day"": ""2"", ""term"": ""none""}"
学习计划已定，下学期的最后一周考试 ,"{""month"": ""none"", ""week"": ""none"", ""weekday"": ""none"", ""day"": ""none"", ""term"": ""1""}"
课程即将结束，下学期的最后一周考试。 ,"{""month"": ""none"", ""week"": ""none"", ""weekday"": ""none"", ""day"": ""none"", ""term"": ""1""}"
学习生涯里，上学期的最后一周考试如期而至。 ,"{""month"": ""none"", ""week"": ""none"", ""weekday"": ""none"", ""day"": ""none"", ""term"": ""-1""}"
公司安排重要会议，下个月周二开会 ,"{""month"": ""1"", ""week"": ""none"", ""weekday"": ""2"", ""day"": ""none"", ""term"": ""none""}"
听说课程安排有变，明天下午有课。 ,"{""month"": ""0"", ""week"": ""none"", ""weekday"": ""none"", ""day"": ""1"", ""term"": ""none""}"
公司有会议安排，记得上个月周三开会。 ,"{""month"": ""-1"", ""week"": ""none"", ""weekday"": ""3"", ""day"": ""none"", ""term"": ""none""}"
我查看课程安排，发现有个情况，后天下午有课。 ,"{""month"": ""0"", ""week"": ""none"", ""weekday"": ""none"", ""day"": ""2"", ""term"": ""none""}"
学习生活迎来关键阶段，上学期的最后一周考试 ,"{""month"": ""none"", ""week"": ""none"", ""weekday"": ""none"", ""day"": ""none"", ""term"": ""-1""}"
听说课程安排出来了，明天下午有课。 ,"{""month"": ""0"", ""week"": ""none"", ""weekday"": ""none"", ""day"": ""1"", ""term"": ""none""}"
接到通知，上个月星期天开会，需做好相关准备。 ,"{""month"": ""-1"", ""week"": ""none"", ""weekday"": ""7"", ""day"": ""none"", ""term"": ""none""}"
近期课程安排里，后天下午有课 ,"{""month"": ""0"", ""week"": ""none"", ""weekday"": ""none"", ""day"": ""2"", ""term"": ""none""}"
学习安排紧凑，想起之前某天下午有课 ,"{""month"": ""0"", ""week"": ""none"", ""weekday"": ""none"", ""day"": ""-1"", ""term"": ""none""}"
学校安排课程学习结束后，本学期的最后一周考试 ,"{""month"": ""none"", ""week"": ""none"", ""weekday"": ""none"", ""day"": ""none"", ""term"": ""0""}"
校园学习阶段，上学期的最后一周考试 ,"{""month"": ""none"", ""week"": ""none"", ""weekday"": ""none"", ""day"": ""none"", ""term"": ""-1""}"
近期有重要事务，本月星期一开会商讨。 ,"{""month"": ""0"", ""week"": ""none"", ""weekday"": ""1"", ""day"": ""none"", ""term"": ""none""}"
工作安排，原计划某天开会改到周五进行 ,"{""month"": ""1"", ""week"": ""none"", ""weekday"": ""5"", ""day"": ""none"", ""term"": ""none""}"
校园学习生活里，上学期的最后一周考试 ,"{""month"": ""none"", ""week"": ""none"", ""weekday"": ""none"", ""day"": ""none"", ""term"": ""-1""}"
回忆校园生活，记得那时昨天下午有课。 ,"{""month"": ""0"", ""week"": ""none"", ""weekday"": ""none"", ""day"": ""-1"", ""term"": ""none""}"
回顾校园生活，上学期的最后一周考试很紧张 ,"{""month"": ""none"", ""week"": ""none"", ""weekday"": ""none"", ""day"": ""none"", ""term"": ""-1""}"
本阶段课程安排中，后天下午有课。 ,"{""month"": ""0"", ""week"": ""none"", ""weekday"": ""none"", ""day"": ""2"", ""term"": ""none""}"
学校安排课程，下学期的最后一周考试。 ,"{""month"": ""none"", ""week"": ""none"", ""weekday"": ""none"", ""day"": ""none"", ""term"": ""1""}"
公司近期工作安排，下个月周天开会 ,"{""month"": ""1"", ""week"": ""none"", ""weekday"": ""7"", ""day"": ""none"", ""term"": ""none""}"
学校安排课程结束后，上学期的最后一周考试。 ,"{""month"": ""none"", ""week"": ""none"", ""weekday"": ""none"", ""day"": ""none"", ""term"": ""-1""}"
学校安排课程学习，上学期的最后一周考试。 ,"{""month"": ""none"", ""week"": ""none"", ""weekday"": ""none"", ""day"": ""none"", ""term"": ""-1""}"
学习安排已定，下学期的最后一周考试。 ,"{""month"": ""none"", ""week"": ""none"", ""weekday"": ""none"", ""day"": ""none"", ""term"": ""1""}"
项目推进阶段，记得上个月周六开会讨论方案。 ,"{""month"": ""-1"", ""week"": ""none"", ""weekday"": ""6"", ""day"": ""none"", ""term"": ""none""}"
我日程安排里，今天下午有课 ,"{""month"": ""0"", ""week"": ""none"", ""weekday"": ""none"", ""day"": ""0"", ""term"": ""none""}"
本打算出门，想起昨天下午有课，便取消计划。 ,"{""month"": ""0"", ""week"": ""none"", ""weekday"": ""none"", ""day"": ""-1"", ""term"": ""none""}"
领导通知，原本上个月星期六开会的安排取消。 ,"{""month"": ""-1"", ""week"": ""none"", ""weekday"": ""6"", ""day"": ""none"", ""term"": ""none""}"
近期工作安排，周六开会交流，下个月执行 ,"{""month"": ""1"", ""week"": ""none"", ""weekday"": ""6"", ""day"": ""none"", ""term"": ""none""}"
近期课程安排紧凑，昨天下午有课。 ,"{""month"": ""0"", ""week"": ""none"", ""weekday"": ""none"", ""day"": ""-1"", ""term"": ""none""}"
室友询问日程，我告知今天下午有课 ,"{""month"": ""0"", ""week"": ""none"", ""weekday"": ""none"", ""day"": ""0"", ""term"": ""none""}"
我记得，之前有一天下午，前天下午有课。 ,"{""month"": ""0"", ""week"": ""none"", ""weekday"": ""none"", ""day"": ""-2"", ""term"": ""none""}"
本学期课程即将结束，下学期的最后一周考试。 ,"{""month"": ""none"", ""week"": ""none"", ""weekday"": ""none"", ""day"": ""none"", ""term"": ""1""}"
领导安排会议，记得上次是星期三开会 ,"{""month"": ""-1"", ""week"": ""none"", ""weekday"": ""3"", ""day"": ""none"", ""term"": ""none""}"
学习已近尾声，本学期的最后一周考试 ,"{""month"": ""none"", ""week"": ""none"", ""weekday"": ""none"", ""day"": ""none"", ""term"": ""0""}"
同学告知我，今天下午有课。 ,"{""month"": ""0"", ""week"": ""none"", ""weekday"": ""none"", ""day"": ""0"", ""term"": ""none""}"
我查看课程安排，发现明天下午有课。 ,"{""month"": ""0"", ""week"": ""none"", ""weekday"": ""none"", ""day"": ""1"", ""term"": ""none""}"
学习安排满满，今天下午有课，得提前准备。 ,"{""month"": ""0"", ""week"": ""none"", ""weekday"": ""none"", ""day"": ""0"", ""term"": ""none""}"
我记得，当时我得知昨天下午有课还挺发愁。 ,"{""month"": ""0"", ""week"": ""none"", ""weekday"": ""none"", ""day"": ""-1"", ""term"": ""none""}"
朋友询问日程，告知其今天下午有课。 ,"{""month"": ""0"", ""week"": ""none"", ""weekday"": ""none"", ""day"": ""0"", ""term"": ""none""}"
学校安排课程结束后，本学期的最后一周考试。 ,"{""month"": ""none"", ""week"": ""none"", ""weekday"": ""none"", ""day"": ""none"", ""term"": ""0""}"
近期工作安排，下个月周日需全员集中开会 ,"{""month"": ""1"", ""week"": ""none"", ""weekday"": ""7"", ""day"": ""none"", ""term"": ""none""}"
课程即将结束，下学期的最后一周考试 ,"{""month"": ""none"", ""week"": ""none"", ""weekday"": ""none"", ""day"": ""none"", ""term"": ""1""}"
公司安排重要事务，上个月星期五开会 ,"{""month"": ""-1"", ""week"": ""none"", ""weekday"": ""5"", ""day"": ""none"", ""term"": ""none""}"
项目推进需沟通，本月周天开会讨论相关事宜。 ,"{""month"": ""0"", ""week"": ""none"", ""weekday"": ""7"", ""day"": ""none"", ""term"": ""none""}"
学校安排课程结束后，本学期的最后一周考试 ,"{""month"": ""none"", ""week"": ""none"", ""weekday"": ""none"", ""day"": ""none"", ""term"": ""0""}"
公司安排会议，之前在一个工作日进行了开会 ,"{""month"": ""-1"", ""week"": ""none"", ""weekday"": ""4"", ""day"": ""none"", ""term"": ""none""}"
工作安排已确定，下个月周二开会商讨事宜 ,"{""month"": ""1"", ""week"": ""none"", ""weekday"": ""2"", ""day"": ""none"", ""term"": ""none""}"
工作安排中，曾在某个星期天开会 ,"{""month"": ""-1"", ""week"": ""none"", ""weekday"": ""7"", ""day"": ""none"", ""term"": ""none""}"
公司安排近期某天，下个月星期五开会 ,"{""month"": ""1"", ""week"": ""none"", ""weekday"": ""5"", ""day"": ""none"", ""term"": ""none""}"
学习安排紧凑，后天下午有课得提前做好准备。 ,"{""month"": ""0"", ""week"": ""none"", ""weekday"": ""none"", ""day"": ""2"", ""term"": ""none""}"
工作安排已确定，本月星期六开会商议事项。 ,"{""month"": ""0"", ""week"": ""none"", ""weekday"": ""6"", ""day"": ""none"", ""term"": ""none""}"
学校安排课程结束后，本学期的最后一周考试 ,"{""month"": ""none"", ""week"": ""none"", ""weekday"": ""none"", ""day"": ""none"", ""term"": ""0""}"
公司安排会议，届时周二开会 ,"{""month"": ""1"", ""week"": ""none"", ""weekday"": ""2"", ""day"": ""none"", ""term"": ""none""}"
公司安排会议，曾有一次是周四开会。 ,"{""month"": ""-1"", ""week"": ""none"", ""weekday"": ""4"", ""day"": ""none"", ""term"": ""none""}"
学校课程安排紧凑，记得前天下午有课。 ,"{""month"": ""0"", ""week"": ""none"", ""weekday"": ""none"", ""day"": ""-2"", ""term"": ""none""}"
校园学习进程中，上学期的最后一周考试 ,"{""month"": ""none"", ""week"": ""none"", ""weekday"": ""none"", ""day"": ""none"", ""term"": ""-1""}"
公司安排会议，虽已过去，但记得是那次星期二开会。 ,"{""month"": ""-1"", ""week"": ""none"", ""weekday"": ""2"", ""day"": ""none"", ""term"": ""none""}"
学习安排里，曾有一天下午是有课程的。 ,"{""month"": ""0"", ""week"": ""none"", ""weekday"": ""none"", ""day"": ""-2"", ""term"": ""none""}"
学习即将收尾，本学期的最后一周考试 ,"{""month"": ""none"", ""week"": ""none"", ""weekday"": ""none"", ""day"": ""none"", ""term"": ""0""}"
公司安排重要事项，届时星期一开会 ,"{""month"": ""1"", ""week"": ""none"", ""weekday"": ""1"", ""day"": ""none"", ""term"": ""none""}"
我记得那会儿课程安排紧，前天下午有课。 ,"{""month"": ""0"", ""week"": ""none"", ""weekday"": ""none"", ""day"": ""-2"", ""term"": ""none""}"
学习安排已定，下学期的最后一周考试 ,"{""month"": ""none"", ""week"": ""none"", ""weekday"": ""none"", ""day"": ""none"", ""term"": ""1""}"
工作安排日程已定，本月星期日开会 ,"{""month"": ""0"", ""week"": ""none"", ""weekday"": ""7"", ""day"": ""none"", ""term"": ""none""}"
学校安排课程结束后，上学期的最后一周考试。 ,"{""month"": ""none"", ""week"": ""none"", ""weekday"": ""none"", ""day"": ""none"", ""term"": ""-1""}"
学习安排已定，后天下午有课需提前做好准备。 ,"{""month"": ""0"", ""week"": ""none"", ""weekday"": ""none"", ""day"": ""2"", ""term"": ""none""}"
学习计划已定，下学期的最后一周考试。 ,"{""month"": ""none"", ""week"": ""none"", ""weekday"": ""none"", ""day"": ""none"", ""term"": ""1""}"
项目讨论时提及，曾在某周星期四开会 ,"{""month"": ""-1"", ""week"": ""none"", ""weekday"": ""4"", ""day"": ""none"", ""term"": ""none""}"
近期工作安排，星期天开会探讨项目相关事宜。 ,"{""month"": ""1"", ""week"": ""none"", ""weekday"": ""7"", ""day"": ""none"", ""term"": ""none""}"
近期工作安排，下个月周六开会商讨项目进展 ,"{""month"": ""1"", ""week"": ""none"", ""weekday"": ""6"", ""day"": ""none"", ""term"": ""none""}"
公司安排会议，本月星期四开会，望准时参加。 ,"{""month"": ""0"", ""week"": ""none"", ""weekday"": ""4"", ""day"": ""none"", ""term"": ""none""}"
公司有重要事务安排，上个月周六开会 ,"{""month"": ""-1"", ""week"": ""none"", ""weekday"": ""6"", ""day"": ""none"", ""term"": ""none""}"
记得之前课程安排，前天下午有课。 ,"{""month"": ""0"", ""week"": ""none"", ""weekday"": ""none"", ""day"": ""-2"", ""term"": ""none""}"
为推进项目进度，安排周日开会，相关人员参加。 ,"{""month"": ""1"", ""week"": ""none"", ""weekday"": ""7"", ""day"": ""none"", ""term"": ""none""}"
公司安排会议，本月星期三开会，望准时参加。 ,"{""month"": ""0"", ""week"": ""none"", ""weekday"": ""3"", ""day"": ""none"", ""term"": ""none""}"
公司安排近期活动，下个月星期天开会 ,"{""month"": ""1"", ""week"": ""none"", ""weekday"": ""7"", ""day"": ""none"", ""term"": ""none""}"
公司安排会议，本月星期二开会，大家提前准备。 ,"{""month"": ""0"", ""week"": ""none"", ""weekday"": ""2"", ""day"": ""none"", ""term"": ""none""}"
公司安排了重要事务，下个月星期四开会 ,"{""month"": ""1"", ""week"": ""none"", ""weekday"": ""4"", ""day"": ""none"", ""term"": ""none""}"
领导通知，本月星期五在会议室开会。 ,"{""month"": ""0"", ""week"": ""none"", ""weekday"": ""5"", ""day"": ""none"", ""term"": ""none""}"
公司有例会安排，记得上个月周六开会了。 ,"{""month"": ""-1"", ""week"": ""none"", ""weekday"": ""6"", ""day"": ""none"", ""term"": ""none""}"
学校安排课程学习结束后，下学期的最后一周考试。 ,"{""month"": ""none"", ""week"": ""none"", ""weekday"": ""none"", ""day"": ""none"", ""term"": ""1""}"
学习渐入尾声，本学期的最后一周考试 ,"{""month"": ""none"", ""week"": ""none"", ""weekday"": ""none"", ""day"": ""none"", ""term"": ""0""}"
公司有重要事务，周三开会商讨，记得参加。 ,"{""month"": ""1"", ""week"": ""none"", ""weekday"": ""3"", ""day"": ""none"", ""term"": ""none""}"
公司安排工作会议，下个月星期五开会 ,"{""month"": ""1"", ""week"": ""none"", ""weekday"": ""5"", ""day"": ""none"", ""term"": ""none""}"
公司安排日程，下个月星期日开会。 ,"{""month"": ""1"", ""week"": ""none"", ""weekday"": ""7"", ""day"": ""none"", ""term"": ""none""}"
得知课程安排，才想起后天下午有课。 ,"{""month"": ""0"", ""week"": ""none"", ""weekday"": ""none"", ""day"": ""2"", ""term"": ""none""}"
学校安排课程进度，下学期的最后一周考试。 ,"{""month"": ""none"", ""week"": ""none"", ""weekday"": ""none"", ""day"": ""none"", ""term"": ""1""}"
近期课程安排里，后天下午有课。 ,"{""month"": ""0"", ""week"": ""none"", ""weekday"": ""none"", ""day"": ""2"", ""term"": ""none""}"
公司近期安排会议，曾有一次是星期二开会。 ,"{""month"": ""-1"", ""week"": ""none"", ""weekday"": ""2"", ""day"": ""none"", ""term"": ""none""}"
项目推进需交流，本月周二开会商讨相关事宜 ,"{""month"": ""0"", ""week"": ""none"", ""weekday"": ""2"", ""day"": ""none"", ""term"": ""none""}"
学校安排课程接近尾声，下学期的最后一周考试 ,"{""month"": ""none"", ""week"": ""none"", ""weekday"": ""none"", ""day"": ""none"", ""term"": ""1""}"
记得之前安排的课程，前天下午有课。 ,"{""month"": ""0"", ""week"": ""none"", ""weekday"": ""none"", ""day"": ""-2"", ""term"": ""none""}"
公司有会议安排，记得上个月周二开会。 ,"{""month"": ""-1"", ""week"": ""none"", ""weekday"": ""2"", ""day"": ""none"", ""term"": ""none""}"
学习安排里，记得之前有个时段是下午有课。 ,"{""month"": ""0"", ""week"": ""none"", ""weekday"": ""none"", ""day"": ""-1"", ""term"": ""none""}"
课程学习结束，下学期的最后一周考试 ,"{""month"": ""none"", ""week"": ""none"", ""weekday"": ""none"", ""day"": ""none"", ""term"": ""1""}"
公司安排会议，下个月周六开会。 ,"{""month"": ""1"", ""week"": ""none"", ""weekday"": ""6"", ""day"": ""none"", ""term"": ""none""}"
本学期课程安排已定，下学期的最后一周考试。 ,"{""month"": ""none"", ""week"": ""none"", ""weekday"": ""none"", ""day"": ""none"", ""term"": ""1""}"
学校教学安排，本学期的最后一周考试 ,"{""month"": ""none"", ""week"": ""none"", ""weekday"": ""none"", ""day"": ""none"", ""term"": ""0""}"
学习告一段落，上学期的最后一周考试。 ,"{""month"": ""none"", ""week"": ""none"", ""weekday"": ""none"", ""day"": ""none"", ""term"": ""-1""}"
学习安排已定，下学期的最后一周考试。 ,"{""month"": ""none"", ""week"": ""none"", ""weekday"": ""none"", ""day"": ""none"", ""term"": ""1""}"
学习安排已定，下学期的最后一周考试。 ,"{""month"": ""none"", ""week"": ""none"", ""weekday"": ""none"", ""day"": ""none"", ""term"": ""1""}"
公司有重要事务，本月星期二开会商议。 ,"{""month"": ""0"", ""week"": ""none"", ""weekday"": ""2"", ""day"": ""none"", ""term"": ""none""}"
我查看了课程安排，后天下午有课。 ,"{""month"": ""0"", ""week"": ""none"", ""weekday"": ""none"", ""day"": ""2"", ""term"": ""none""}"
我记得那次安排，前天下午有课。 ,"{""month"": ""0"", ""week"": ""none"", ""weekday"": ""none"", ""day"": ""-2"", ""term"": ""none""}"
课程安排里，原本前天下午有课待上 ,"{""month"": ""0"", ""week"": ""none"", ""weekday"": ""none"", ""day"": ""-2"", ""term"": ""none""}"
学校安排课程结束后，本学期的最后一周考试 ,"{""month"": ""none"", ""week"": ""none"", ""weekday"": ""none"", ""day"": ""none"", ""term"": ""0""}"
公司安排会议，本月周天开会，大家做好准备。 ,"{""month"": ""0"", ""week"": ""none"", ""weekday"": ""7"", ""day"": ""none"", ""term"": ""none""}"
公司安排会议，此前周天曾开过会。 ,"{""month"": ""-1"", ""week"": ""none"", ""weekday"": ""7"", ""day"": ""none"", ""term"": ""none""}"
我日程安排里，今天下午有课。 ,"{""month"": ""0"", ""week"": ""none"", ""weekday"": ""none"", ""day"": ""0"", ""term"": ""none""}"
学期结束前氛围紧张，上学期的最后一周考试 ,"{""month"": ""none"", ""week"": ""none"", ""weekday"": ""none"", ""day"": ""none"", ""term"": ""-1""}"
部门安排了会议，当时是星期一开的会。 ,"{""month"": ""-1"", ""week"": ""none"", ""weekday"": ""1"", ""day"": ""none"", ""term"": ""none""}"
学习已近尾声，本学期的最后一周考试 ,"{""month"": ""none"", ""week"": ""none"", ""weekday"": ""none"", ""day"": ""none"", ""term"": ""0""}"
重要事项待商，安排在下个月星期三开会。 ,"{""month"": ""1"", ""week"": ""none"", ""weekday"": ""3"", ""day"": ""none"", ""term"": ""none""}"
临近学期结束，上学期的最后一周考试。 ,"{""month"": ""none"", ""week"": ""none"", ""weekday"": ""none"", ""day"": ""none"", ""term"": ""-1""}"
课程安排里，记得之前有一天下午是有课的。 ,"{""month"": ""0"", ""week"": ""none"", ""weekday"": ""none"", ""day"": ""-2"", ""term"": ""none""}"
学习即将收官，本学期的最后一周考试 ,"{""month"": ""none"", ""week"": ""none"", ""weekday"": ""none"", ""day"": ""none"", ""term"": ""0""}"
得知课程安排，今天下午有课，得提前做好准备。 ,"{""month"": ""0"", ""week"": ""none"", ""weekday"": ""none"", ""day"": ""0"", ""term"": ""none""}"
学习安排已定，下学期的最后一周考试。 ,"{""month"": ""none"", ""week"": ""none"", ""weekday"": ""none"", ""day"": ""none"", ""term"": ""1""}"
公司安排会议，本月星期一开会，大家提前准备。 ,"{""month"": ""0"", ""week"": ""none"", ""weekday"": ""1"", ""day"": ""none"", ""term"": ""none""}"
学习结束迎来检验，上学期的最后一周考试 ,"{""month"": ""none"", ""week"": ""none"", ""weekday"": ""none"", ""day"": ""none"", ""term"": ""-1""}"
公司有重要事务安排，本月星期三开会 ,"{""month"": ""0"", ""week"": ""none"", ""weekday"": ""3"", ""day"": ""none"", ""term"": ""none""}"
学习安排紧凑，听闻后天下午有课需做好准备。 ,"{""month"": ""0"", ""week"": ""none"", ""weekday"": ""none"", ""day"": ""2"", ""term"": ""none""}"
学习即将收尾，本学期的最后一周考试 ,"{""month"": ""none"", ""week"": ""none"", ""weekday"": ""none"", ""day"": ""none"", ""term"": ""0""}"
公司安排重要事宜，届时星期三开会 ,"{""month"": ""1"", ""week"": ""none"", ""weekday"": ""3"", ""day"": ""none"", ""term"": ""none""}"
公司安排会议，曾在一个星期四进行 ,"{""month"": ""-1"", ""week"": ""none"", ""weekday"": ""4"", ""day"": ""none"", ""term"": ""none""}"
得知课程安排，才想起后天下午有课。 ,"{""month"": ""0"", ""week"": ""none"", ""weekday"": ""none"", ""day"": ""2"", ""term"": ""none""}"
学校安排课程进度，下学期的最后一周考试 ,"{""month"": ""none"", ""week"": ""none"", ""weekday"": ""none"", ""day"": ""none"", ""term"": ""1""}"
刚得知，明天下午有课，得提前做好准备啦。 ,"{""month"": ""0"", ""week"": ""none"", ""weekday"": ""none"", ""day"": ""1"", ""term"": ""none""}"
学习即将收尾，本学期的最后一周考试 ,"{""month"": ""none"", ""week"": ""none"", ""weekday"": ""none"", ""day"": ""none"", ""term"": ""0""}"
学习安排里，记得之前那次下午有课。 ,"{""month"": ""0"", ""week"": ""none"", ""weekday"": ""none"", ""day"": ""-2"", ""term"": ""none""}"
领导安排事务，上个月星期一开会商议相关事宜 ,"{""month"": ""-1"", ""week"": ""none"", ""weekday"": ""1"", ""day"": ""none"", ""term"": ""none""}"
学习安排紧凑，想到后天下午有课，有些发愁。 ,"{""month"": ""0"", ""week"": ""none"", ""weekday"": ""none"", ""day"": ""2"", ""term"": ""none""}"
学习日程安排里，前天下午有课。 ,"{""month"": ""0"", ""week"": ""none"", ""weekday"": ""none"", ""day"": ""-2"", ""term"": ""none""}"
记得之前某一天，好像是前天下午有课。 ,"{""month"": ""0"", ""week"": ""none"", ""weekday"": ""none"", ""day"": ""-2"", ""term"": ""none""}"
日程安排里，今天下午有课得提前做好准备。 ,"{""month"": ""0"", ""week"": ""none"", ""weekday"": ""none"", ""day"": ""0"", ""term"": ""none""}"
公司安排会议，记得之前有次周四开会 ,"{""month"": ""-1"", ""week"": ""none"", ""weekday"": ""4"", ""day"": ""none"", ""term"": ""none""}"
公司有重要事务安排，本月周二开会商讨。 ,"{""month"": ""0"", ""week"": ""none"", ""weekday"": ""2"", ""day"": ""none"", ""term"": ""none""}"
近期工作安排，本月周一开会商讨项目进展。 ,"{""month"": ""0"", ""week"": ""none"", ""weekday"": ""1"", ""day"": ""none"", ""term"": ""none""}"
工作安排已定，届时星期日开会，提前知晓。 ,"{""month"": ""1"", ""week"": ""none"", ""weekday"": ""7"", ""day"": ""none"", ""term"": ""none""}"
近期课程安排里，明天下午有课 ,"{""month"": ""0"", ""week"": ""none"", ""weekday"": ""none"", ""day"": ""1"", ""term"": ""none""}"
得知课程安排，今天下午有课，得提前做好准备。 ,"{""month"": ""0"", ""week"": ""none"", ""weekday"": ""none"", ""day"": ""0"", ""term"": ""none""}"
公司有会议安排，记得上个月周五开会。 ,"{""month"": ""-1"", ""week"": ""none"", ""weekday"": ""5"", ""day"": ""none"", ""term"": ""none""}"
接到通知，原本上个月星期天开会的安排有变动。 ,"{""month"": ""-1"", ""week"": ""none"", ""weekday"": ""7"", ""day"": ""none"", ""term"": ""none""}"
课程安排里，记忆中昨天下午有课。 ,"{""month"": ""0"", ""week"": ""none"", ""weekday"": ""none"", ""day"": ""-1"", ""term"": ""none""}"
近期工作安排，原本计划的开会时间为周天。 ,"{""month"": ""1"", ""week"": ""none"", ""weekday"": ""7"", ""day"": ""none"", ""term"": ""none""}"
公司有重要事务，本月星期五开会商议。 ,"{""month"": ""0"", ""week"": ""none"", ""weekday"": ""5"", ""day"": ""none"", ""term"": ""none""}"
课程安排已出，后天下午有课。 ,"{""month"": ""0"", ""week"": ""none"", ""weekday"": ""none"", ""day"": ""2"", ""term"": ""none""}"
公司安排会议，本月星期六开会。 ,"{""month"": ""0"", ""week"": ""none"", ""weekday"": ""6"", ""day"": ""none"", ""term"": ""none""}"
得知课程安排，想起后天下午有课得提前准备。 ,"{""month"": ""0"", ""week"": ""none"", ""weekday"": ""none"", ""day"": ""2"", ""term"": ""none""}"
课程安排里，我记得之前有天下午是有课的。 ,"{""month"": ""0"", ""week"": ""none"", ""weekday"": ""none"", ""day"": ""-2"", ""term"": ""none""}"
公司安排会议，原定下个月星期六开会 ,"{""month"": ""1"", ""week"": ""none"", ""weekday"": ""6"", ""day"": ""none"", ""term"": ""none""}"
公司安排日程，周日开会，你记得参加。 ,"{""month"": ""1"", ""week"": ""none"", ""weekday"": ""7"", ""day"": ""none"", ""term"": ""none""}"
近期课程安排里，记得有一天下午有课。 ,"{""month"": ""0"", ""week"": ""none"", ""weekday"": ""none"", ""day"": ""-1"", ""term"": ""none""}"
学期临近尾声，上学期的最后一周考试。 ,"{""month"": ""none"", ""week"": ""none"", ""weekday"": ""none"", ""day"": ""none"", ""term"": ""-1""}"
工作安排，本月周四开会讨论项目相关事宜。 ,"{""month"": ""0"", ""week"": ""none"", ""weekday"": ""4"", ""day"": ""none"", ""term"": ""none""}"
公司有重要事务，下个月周日开会商议相关事宜。 ,"{""month"": ""1"", ""week"": ""none"", ""weekday"": ""7"", ""day"": ""none"", ""term"": ""none""}"
工作安排，本月星期五开会，望相关人员准时参加 ,"{""month"": ""0"", ""week"": ""none"", ""weekday"": ""5"", ""day"": ""none"", ""term"": ""none""}"
学习安排紧凑，今天下午有课得好好准备。 ,"{""month"": ""0"", ""week"": ""none"", ""weekday"": ""none"", ""day"": ""0"", ""term"": ""none""}"
同学告知我，原本安排的后天下午有课。 ,"{""month"": ""0"", ""week"": ""none"", ""weekday"": ""none"", ""day"": ""2"", ""term"": ""none""}"
学习接近尾声，本学期的最后一周考试 ,"{""month"": ""none"", ""week"": ""none"", ""weekday"": ""none"", ""day"": ""none"", ""term"": ""0""}"
回忆起之前学习日程，昨天下午有课 ,"{""month"": ""0"", ""week"": ""none"", ""weekday"": ""none"", ""day"": ""-1"", ""term"": ""none""}"
公司安排会议，届时，下个月周四开会。 ,"{""month"": ""1"", ""week"": ""none"", ""weekday"": ""4"", ""day"": ""none"", ""term"": ""none""}"
学习生活临近阶段尾声，上学期的最后一周考试 ,"{""month"": ""none"", ""week"": ""none"", ""weekday"": ""none"", ""day"": ""none"", ""term"": ""-1""}"
领导安排会议，告知下个月周四开会。 ,"{""month"": ""1"", ""week"": ""none"", ""weekday"": ""4"", ""day"": ""none"", ""term"": ""none""}"
校园学习生活中，上学期的最后一周考试 ,"{""month"": ""none"", ""week"": ""none"", ""weekday"": ""none"", ""day"": ""none"", ""term"": ""-1""}"
工作安排中，某次周二开会是既定事宜。 上个月周二开会,"{""month"": ""-1"", ""week"": ""none"", ""weekday"": ""2"", ""day"": ""none"", ""term"": ""none""}"
学校教学安排，本学期的最后一周考试。 ,"{""month"": ""none"", ""week"": ""none"", ""weekday"": ""none"", ""day"": ""none"", ""term"": ""0""}"
重要事务需商讨，下个月周日开会。 ,"{""month"": ""1"", ""week"": ""none"", ""weekday"": ""7"", ""day"": ""none"", ""term"": ""none""}"
这周课程安排里，前天下午有课。 ,"{""month"": ""0"", ""week"": ""none"", ""weekday"": ""none"", ""day"": ""-2"", ""term"": ""none""}"
校园学习节奏里，上学期的最后一周考试 ,"{""month"": ""none"", ""week"": ""none"", ""weekday"": ""none"", ""day"": ""none"", ""term"": ""-1""}"
学习已近尾声，本学期的最后一周考试 ,"{""month"": ""none"", ""week"": ""none"", ""weekday"": ""none"", ""day"": ""none"", ""term"": ""0""}"
我本想出门，奈何昨天下午有课，只能作罢。 ,"{""month"": ""0"", ""week"": ""none"", ""weekday"": ""none"", ""day"": ""-1"", ""term"": ""none""}"
领导通知，在本月星期一需全体人员到会议室开会。 ,"{""month"": ""0"", ""week"": ""none"", ""weekday"": ""1"", ""day"": ""none"", ""term"": ""none""}"
项目推进需讨论，周一开会，届时全员参加。 ,"{""month"": ""1"", ""week"": ""none"", ""weekday"": ""1"", ""day"": ""none"", ""term"": ""none""}"
日程安排里，昨天下午时段有课需要去上。 ,"{""month"": ""0"", ""week"": ""none"", ""weekday"": ""none"", ""day"": ""-1"", ""term"": ""none""}"
公司安排会议，本月周三开会，大家做好准备。 ,"{""month"": ""0"", ""week"": ""none"", ""weekday"": ""3"", ""day"": ""none"", ""term"": ""none""}"
课程学习临近尾声，下学期的最后一周考试。 ,"{""month"": ""none"", ""week"": ""none"", ""weekday"": ""none"", ""day"": ""none"", ""term"": ""1""}"
我得知了个消息，今天下午有课。 ,"{""month"": ""0"", ""week"": ""none"", ""weekday"": ""none"", ""day"": ""0"", ""term"": ""none""}"
公司通知，之前那次星期二开会是上次的事了。 ,"{""month"": ""-1"", ""week"": ""none"", ""weekday"": ""2"", ""day"": ""none"", ""term"": ""none""}"
学习安排已定，下学期的最后一周考试。 ,"{""month"": ""none"", ""week"": ""none"", ""weekday"": ""none"", ""day"": ""none"", ""term"": ""1""}"
朋友询问课程安排，告知其后天下午有课。 ,"{""month"": ""0"", ""week"": ""none"", ""weekday"": ""none"", ""day"": ""2"", ""term"": ""none""}"
学习日程安排里，明天下午有课。 ,"{""month"": ""0"", ""week"": ""none"", ""weekday"": ""none"", ""day"": ""1"", ""term"": ""none""}"
公司安排会议，本月周一开会商讨业务事宜。 ,"{""month"": ""0"", ""week"": ""none"", ""weekday"": ""1"", ""day"": ""none"", ""term"": ""none""}"
校园学习进程中，上学期的最后一周考试 ,"{""month"": ""none"", ""week"": ""none"", ""weekday"": ""none"", ""day"": ""none"", ""term"": ""-1""}"
学习生活中，上学期的最后一周考试如期而至。 ,"{""month"": ""none"", ""week"": ""none"", ""weekday"": ""none"", ""day"": ""none"", ""term"": ""-1""}"
学习即将收官，本学期的最后一周考试 ,"{""month"": ""none"", ""week"": ""none"", ""weekday"": ""none"", ""day"": ""none"", ""term"": ""0""}"
学校教学安排，本学期的最后一周考试 ,"{""month"": ""none"", ""week"": ""none"", ""weekday"": ""none"", ""day"": ""none"", ""term"": ""0""}"
公司有重要事务，上个月星期一开会商讨对策 ,"{""month"": ""-1"", ""week"": ""none"", ""weekday"": ""1"", ""day"": ""none"", ""term"": ""none""}"
想起之前课程安排，昨天下午有课 ,"{""month"": ""0"", ""week"": ""none"", ""weekday"": ""none"", ""day"": ""-1"", ""term"": ""none""}"
听说课程安排有变，明天下午有课得提前做好准备。 ,"{""month"": ""0"", ""week"": ""none"", ""weekday"": ""none"", ""day"": ""1"", ""term"": ""none""}"
学习安排已定，下学期的最后一周考试。 ,"{""month"": ""none"", ""week"": ""none"", ""weekday"": ""none"", ""day"": ""none"", ""term"": ""1""}"
学习告一段落，本学期的最后一周考试 ,"{""month"": ""none"", ""week"": ""none"", ""weekday"": ""none"", ""day"": ""none"", ""term"": ""0""}"
近期课程安排里，后天有别的事，明天下午有课。 ,"{""month"": ""0"", ""week"": ""none"", ""weekday"": ""none"", ""day"": ""1"", ""term"": ""none""}"
公司安排会议，想起之前有次周天开会 ,"{""month"": ""-1"", ""week"": ""none"", ""weekday"": ""7"", ""day"": ""none"", ""term"": ""none""}"
我记得，有一天下午去上课，那时候有课。 ,"{""month"": ""0"", ""week"": ""none"", ""weekday"": ""none"", ""day"": ""-1"", ""term"": ""none""}"
课程安排上，记得之前有一天下午是有课的。 ,"{""month"": ""0"", ""week"": ""none"", ""weekday"": ""none"", ""day"": ""-2"", ""term"": ""none""}"
学校安排学习任务，本学期的最后一周考试 ,"{""month"": ""none"", ""week"": ""none"", ""weekday"": ""none"", ""day"": ""none"", ""term"": ""0""}"
公司有重要事宜安排，上个月星期四开会 ,"{""month"": ""-1"", ""week"": ""none"", ""weekday"": ""4"", ""day"": ""none"", ""term"": ""none""}"
公司安排会议，虽无通知但记得上个月周四开会。 ,"{""month"": ""-1"", ""week"": ""none"", ""weekday"": ""4"", ""day"": ""none"", ""term"": ""none""}"
公司有重要事务安排，上个月星期一开会 ,"{""month"": ""-1"", ""week"": ""none"", ""weekday"": ""1"", ""day"": ""none"", ""term"": ""none""}"
学校安排课程进度，下学期的最后一周考试 ,"{""month"": ""none"", ""week"": ""none"", ""weekday"": ""none"", ""day"": ""none"", ""term"": ""1""}"
学校教学安排里，本学期的最后一周考试 ,"{""month"": ""none"", ""week"": ""none"", ""weekday"": ""none"", ""day"": ""none"", ""term"": ""0""}"
公司通知事项，上个月星期天开会安排工作 ,"{""month"": ""-1"", ""week"": ""none"", ""weekday"": ""7"", ""day"": ""none"", ""term"": ""none""}"
学习安排已定，下学期的最后一周考试 ,"{""month"": ""none"", ""week"": ""none"", ""weekday"": ""none"", ""day"": ""none"", ""term"": ""1""}"
我日程安排里，今天下午有课 ,"{""month"": ""0"", ""week"": ""none"", ""weekday"": ""none"", ""day"": ""0"", ""term"": ""none""}"
回顾学业，上学期的最后一周考试紧张又忙碌 ,"{""month"": ""none"", ""week"": ""none"", ""weekday"": ""none"", ""day"": ""none"", ""term"": ""-1""}"
同学告知我课程安排，后天下午有课。 ,"{""month"": ""0"", ""week"": ""none"", ""weekday"": ""none"", ""day"": ""2"", ""term"": ""none""}"
学习生涯中，上学期的最后一周考试至关重要 ,"{""month"": ""none"", ""week"": ""none"", ""weekday"": ""none"", ""day"": ""none"", ""term"": ""-1""}"
记得那会儿，前天下午有课，得提前做好准备。 ,"{""month"": ""0"", ""week"": ""none"", ""weekday"": ""none"", ""day"": ""-2"", ""term"": ""none""}"
公司有例会安排，上个月周一开会。 ,"{""month"": ""-1"", ""week"": ""none"", ""weekday"": ""1"", ""day"": ""none"", ""term"": ""none""}"
听说课程安排有调整，今天下午有课。 ,"{""month"": ""0"", ""week"": ""none"", ""weekday"": ""none"", ""day"": ""0"", ""term"": ""none""}"
学校安排课程学习后，下学期的最后一周考试 ,"{""month"": ""none"", ""week"": ""none"", ""weekday"": ""none"", ""day"": ""none"", ""term"": ""1""}"
工作安排时提及，之前有一次星期五开会 ,"{""month"": ""-1"", ""week"": ""none"", ""weekday"": ""5"", ""day"": ""none"", ""term"": ""none""}"
学校学习安排已定，本学期的最后一周考试 ,"{""month"": ""none"", ""week"": ""none"", ""weekday"": ""none"", ""day"": ""none"", ""term"": ""0""}"
项目推进需沟通，周日开会探讨相关事宜。 ,"{""month"": ""1"", ""week"": ""none"", ""weekday"": ""7"", ""day"": ""none"", ""term"": ""none""}"
近期工作安排，本月周日开会商讨项目进度。 ,"{""month"": ""0"", ""week"": ""none"", ""weekday"": ""7"", ""day"": ""none"", ""term"": ""none""}"
校园生活里，上学期的最后一周考试，紧张又充实。 ,"{""month"": ""none"", ""week"": ""none"", ""weekday"": ""none"", ""day"": ""none"", ""term"": ""-1""}"
公司近期安排会议，记得上个月周四开会那事。 ,"{""month"": ""-1"", ""week"": ""none"", ""weekday"": ""4"", ""day"": ""none"", ""term"": ""none""}"
公司安排会议，虽未明确但推测是星期四开会 ,"{""month"": ""1"", ""week"": ""none"", ""weekday"": ""4"", ""day"": ""none"", ""term"": ""none""}"
学习任务接近尾声，本学期的最后一周考试 ,"{""month"": ""none"", ""week"": ""none"", ""weekday"": ""none"", ""day"": ""none"", ""term"": ""0""}"
领导安排，上个月周日开会商讨项目进度。 ,"{""month"": ""-1"", ""week"": ""none"", ""weekday"": ""7"", ""day"": ""none"", ""term"": ""none""}"
通知：有重要事务需商讨，届时星期二开会 ,"{""month"": ""1"", ""week"": ""none"", ""weekday"": ""2"", ""day"": ""none"", ""term"": ""none""}"
工作安排里，有一次是周天开会，虽已过去。 ,"{""month"": ""-1"", ""week"": ""none"", ""weekday"": ""7"", ""day"": ""none"", ""term"": ""none""}"
工作安排确定，届时需参加会议，下个月星期一开会。 ,"{""month"": ""1"", ""week"": ""none"", ""weekday"": ""1"", ""day"": ""none"", ""term"": ""none""}"
学校安排课程结束后，本学期的最后一周考试 ,"{""month"": ""none"", ""week"": ""none"", ""weekday"": ""none"", ""day"": ""none"", ""term"": ""0""}"
室友告知，今天下午有课，需提前做好准备。 ,"{""month"": ""0"", ""week"": ""none"", ""weekday"": ""none"", ""day"": ""0"", ""term"": ""none""}"
接到通知，某周星期四开会，具体事务待商议 ,"{""month"": ""-1"", ""week"": ""none"", ""weekday"": ""4"", ""day"": ""none"", ""term"": ""none""}"
工作安排确定，本月周一开会商议项目事宜。 ,"{""month"": ""0"", ""week"": ""none"", ""weekday"": ""1"", ""day"": ""none"", ""term"": ""none""}"
学习安排紧凑，明天下午有课，得提前准备。 ,"{""month"": ""0"", ""week"": ""none"", ""weekday"": ""none"", ""day"": ""1"", ""term"": ""none""}"
学校安排课程进度，下学期的最后一周考试 ,"{""month"": ""none"", ""week"": ""none"", ""weekday"": ""none"", ""day"": ""none"", ""term"": ""1""}"
我记得，有次准备出去玩，却发现前天下午有课。 ,"{""month"": ""0"", ""week"": ""none"", ""weekday"": ""none"", ""day"": ""-2"", ""term"": ""none""}"
学校安排课程进度，下学期的最后一周考试。 ,"{""month"": ""none"", ""week"": ""none"", ""weekday"": ""none"", ""day"": ""none"", ""term"": ""1""}"
公司有重要事项，本月周五开会商讨相关事宜。 ,"{""month"": ""0"", ""week"": ""none"", ""weekday"": ""5"", ""day"": ""none"", ""term"": ""none""}"
学习进入尾声，本学期的最后一周考试 ,"{""month"": ""none"", ""week"": ""none"", ""weekday"": ""none"", ""day"": ""none"", ""term"": ""0""}"
学校安排课程学习结束后，上学期的最后一周考试。 ,"{""month"": ""none"", ""week"": ""none"", ""weekday"": ""none"", ""day"": ""none"", ""term"": ""-1""}"
近期课程安排里，昨天下午有课。 ,"{""month"": ""0"", ""week"": ""none"", ""weekday"": ""none"", ""day"": ""-1"", ""term"": ""none""}"
同学提醒我，今天下午有课，得提前做好准备。 ,"{""month"": ""0"", ""week"": ""none"", ""weekday"": ""none"", ""day"": ""0"", ""term"": ""none""}"
工作安排需沟通，本月周日开会商议相关事宜 ,"{""month"": ""0"", ""week"": ""none"", ""weekday"": ""7"", ""day"": ""none"", ""term"": ""none""}"
室友说，今天下午有课，让我一起去教室。 ,"{""month"": ""0"", ""week"": ""none"", ""weekday"": ""none"", ""day"": ""0"", ""term"": ""none""}"
近期事务安排，原本计划下个月周日开会。 ,"{""month"": ""1"", ""week"": ""none"", ""weekday"": ""7"", ""day"": ""none"", ""term"": ""none""}"
学习安排紧凑，今天下午有课需认真对待 ,"{""month"": ""0"", ""week"": ""none"", ""weekday"": ""none"", ""day"": ""0"", ""term"": ""none""}"
学习安排已定，下学期的最后一周考试 ,"{""month"": ""none"", ""week"": ""none"", ""weekday"": ""none"", ""day"": ""none"", ""term"": ""1""}"
得知课程安排，我记起某时之后有课，后天下午有课。 ,"{""month"": ""0"", ""week"": ""none"", ""weekday"": ""none"", ""day"": ""2"", ""term"": ""none""}"
本学习阶段课程安排中，前天下午有课。 ,"{""month"": ""0"", ""week"": ""none"", ""weekday"": ""none"", ""day"": ""-2"", ""term"": ""none""}"
学校安排课程学习后，下学期的最后一周考试 ,"{""month"": ""none"", ""week"": ""none"", ""weekday"": ""none"", ""day"": ""none"", ""term"": ""1""}"
校园学习节奏里，上学期的最后一周考试。 ,"{""month"": ""none"", ""week"": ""none"", ""weekday"": ""none"", ""day"": ""none"", ""term"": ""-1""}"
学校安排课程进度，下学期的最后一周考试。 ,"{""month"": ""none"", ""week"": ""none"", ""weekday"": ""none"", ""day"": ""none"", ""term"": ""1""}"
临近学期结束，上学期的最后一周考试。 ,"{""month"": ""none"", ""week"": ""none"", ""weekday"": ""none"", ""day"": ""none"", ""term"": ""-1""}"
工作安排既定，本月星期五开会商议相关事宜。 ,"{""month"": ""0"", ""week"": ""none"", ""weekday"": ""5"", ""day"": ""none"", ""term"": ""none""}"
学习阶段接近尾声，本学期的最后一周考试 ,"{""month"": ""none"", ""week"": ""none"", ""weekday"": ""none"", ""day"": ""none"", ""term"": ""0""}"
回顾学习阶段，上学期的最后一周考试来临 ,"{""month"": ""none"", ""week"": ""none"", ""weekday"": ""none"", ""day"": ""none"", ""term"": ""-1""}"
项目推进需沟通，下个月周二开会商议相关事宜 ,"{""month"": ""1"", ""week"": ""none"", ""weekday"": ""2"", ""day"": ""none"", ""term"": ""none""}"
学习安排紧凑，今天下午有课需认真准备。 ,"{""month"": ""0"", ""week"": ""none"", ""weekday"": ""none"", ""day"": ""0"", ""term"": ""none""}"
学习生活临近尾声，上学期的最后一周考试 ,"{""month"": ""none"", ""week"": ""none"", ""weekday"": ""none"", ""day"": ""none"", ""term"": ""-1""}"
公司有会议安排，记得之前某周二开过会。 ,"{""month"": ""-1"", ""week"": ""none"", ""weekday"": ""2"", ""day"": ""none"", ""term"": ""none""}"
学习日程安排里，有课情况是昨天下午有课。 ,"{""month"": ""0"", ""week"": ""none"", ""weekday"": ""none"", ""day"": ""-1"", ""term"": ""none""}"
学习接近尾声，本学期的最后一周考试 ,"{""month"": ""none"", ""week"": ""none"", ""weekday"": ""none"", ""day"": ""none"", ""term"": ""0""}"
课程安排里，记得之前那次下午是有课的。 ,"{""month"": ""0"", ""week"": ""none"", ""weekday"": ""none"", ""day"": ""-1"", ""term"": ""none""}"
日程安排紧凑，今天下午有课，得提前准备。 ,"{""month"": ""0"", ""week"": ""none"", ""weekday"": ""none"", ""day"": ""0"", ""term"": ""none""}"
学习安排紧凑，后天下午还有课要上。 ,"{""month"": ""0"", ""week"": ""none"", ""weekday"": ""none"", ""day"": ""2"", ""term"": ""none""}"
项目推进需研讨，本月周三开会沟通相关事宜。 ,"{""month"": ""0"", ""week"": ""none"", ""weekday"": ""3"", ""day"": ""none"", ""term"": ""none""}"
学习即将收尾，本学期的最后一周考试 ,"{""month"": ""none"", ""week"": ""none"", ""weekday"": ""none"", ""day"": ""none"", ""term"": ""0""}"
近期课程安排里，后天下午有课 ,"{""month"": ""0"", ""week"": ""none"", ""weekday"": ""none"", ""day"": ""2"", ""term"": ""none""}"
学习临近尾声，本学期的最后一周考试 ,"{""month"": ""none"", ""week"": ""none"", ""weekday"": ""none"", ""day"": ""none"", ""term"": ""0""}"
公司临时安排事务，上个月周六开会。 ,"{""month"": ""-1"", ""week"": ""none"", ""weekday"": ""6"", ""day"": ""none"", ""term"": ""none""}"
回忆起校园生活，昨天下午有课，充实又美好。 ,"{""month"": ""0"", ""week"": ""none"", ""weekday"": ""none"", ""day"": ""-1"", ""term"": ""none""}"
工作安排已定，本月周五开会商讨项目事宜。 ,"{""month"": ""0"", ""week"": ""none"", ""weekday"": ""5"", ""day"": ""none"", ""term"": ""none""}"
公司安排重要工作事宜，此前星期四开会 ,"{""month"": ""-1"", ""week"": ""none"", ""weekday"": ""4"", ""day"": ""none"", ""term"": ""none""}"
学习安排已定，下学期的最后一周考试。 ,"{""month"": ""none"", ""week"": ""none"", ""weekday"": ""none"", ""day"": ""none"", ""term"": ""1""}"
得知课程安排，今天下午有课需提前做好准备。 ,"{""month"": ""0"", ""week"": ""none"", ""weekday"": ""none"", ""day"": ""0"", ""term"": ""none""}"
项目推进需沟通，定在周四开会 ,"{""month"": ""1"", ""week"": ""none"", ""weekday"": ""4"", ""day"": ""none"", ""term"": ""none""}"
公司有重要事项，记得之前上个月周二开会。 ,"{""month"": ""-1"", ""week"": ""none"", ""weekday"": ""2"", ""day"": ""none"", ""term"": ""none""}"
项目推进需沟通，本月周天开会商讨相关事宜 ,"{""month"": ""0"", ""week"": ""none"", ""weekday"": ""7"", ""day"": ""none"", ""term"": ""none""}"
学校教学安排，本学期的最后一周考试。 ,"{""month"": ""none"", ""week"": ""none"", ""weekday"": ""none"", ""day"": ""none"", ""term"": ""0""}"
临近学期结束，上学期的最后一周考试。 ,"{""month"": ""none"", ""week"": ""none"", ""weekday"": ""none"", ""day"": ""none"", ""term"": ""-1""}"
同学告知我，明天下午有课。 ,"{""month"": ""0"", ""week"": ""none"", ""weekday"": ""none"", ""day"": ""1"", ""term"": ""none""}"
公司安排日程，下个月星期日开会 ,"{""month"": ""1"", ""week"": ""none"", ""weekday"": ""7"", ""day"": ""none"", ""term"": ""none""}"
学习安排已定，下学期的最后一周考试 ,"{""month"": ""none"", ""week"": ""none"", ""weekday"": ""none"", ""day"": ""none"", ""term"": ""1""}"
学习日程安排已定，下学期的最后一周考试。 ,"{""month"": ""none"", ""week"": ""none"", ""weekday"": ""none"", ""day"": ""none"", ""term"": ""1""}"
学习安排已定，下学期的最后一周考试 ,"{""month"": ""none"", ""week"": ""none"", ""weekday"": ""none"", ""day"": ""none"", ""term"": ""1""}"
安排课程表时，发现之前有课，昨天下午有课。 ,"{""month"": ""0"", ""week"": ""none"", ""weekday"": ""none"", ""day"": ""-1"", ""term"": ""none""}"
近期课程安排紧，今天下午有课。 ,"{""month"": ""0"", ""week"": ""none"", ""weekday"": ""none"", ""day"": ""0"", ""term"": ""none""}"
室友说，今天下午有课，得提前做好准备。 ,"{""month"": ""0"", ""week"": ""none"", ""weekday"": ""none"", ""day"": ""0"", ""term"": ""none""}"
学校安排课程结束后，上学期的最后一周考试 ,"{""month"": ""none"", ""week"": ""none"", ""weekday"": ""none"", ""day"": ""none"", ""term"": ""-1""}"
公司安排重要事务，下个月星期日开会 ,"{""month"": ""1"", ""week"": ""none"", ""weekday"": ""7"", ""day"": ""none"", ""term"": ""none""}"
我日程安排里，今天下午有课。 ,"{""month"": ""0"", ""week"": ""none"", ""weekday"": ""none"", ""day"": ""0"", ""term"": ""none""}"
我日程安排满满，今天下午有课得好好准备。 ,"{""month"": ""0"", ""week"": ""none"", ""weekday"": ""none"", ""day"": ""0"", ""term"": ""none""}"
工作安排里，某次周五开会，就像上个月那次 ,"{""month"": ""-1"", ""week"": ""none"", ""weekday"": ""5"", ""day"": ""none"", ""term"": ""none""}"
学习即将收尾，本学期的最后一周考试 ,"{""month"": ""none"", ""week"": ""none"", ""weekday"": ""none"", ""day"": ""none"", ""term"": ""0""}"
学习生活临近阶段收尾，上学期的最后一周考试,"{""month"": ""none"", ""week"": ""none"", ""weekday"": ""none"", ""day"": ""none"", ""term"": ""-1""}"
学校安排课程进度，下学期的最后一周考试 ,"{""month"": ""none"", ""week"": ""none"", ""weekday"": ""none"", ""day"": ""none"", ""term"": ""1""}"
近期工作安排，本月星期四开会讨论项目进展 ,"{""month"": ""0"", ""week"": ""none"", ""weekday"": ""4"", ""day"": ""none"", ""term"": ""none""}"
记得之前某天，想起前天下午有课得提前准备。 ,"{""month"": ""0"", ""week"": ""none"", ""weekday"": ""none"", ""day"": ""-2"", ""term"": ""none""}"
公司安排会议，本月周六开会，请大家做好准备。 ,"{""month"": ""0"", ""week"": ""none"", ""weekday"": ""6"", ""day"": ""none"", ""term"": ""none""}"
公司安排会议，记得上个月星期日开会别迟到。 ,"{""month"": ""-1"", ""week"": ""none"", ""weekday"": ""7"", ""day"": ""none"", ""term"": ""none""}"
得知课程安排，想起明天下午有课得提前准备。 ,"{""month"": ""0"", ""week"": ""none"", ""weekday"": ""none"", ""day"": ""1"", ""term"": ""none""}"
学校安排课程结束后，上学期的最后一周考试 ,"{""month"": ""none"", ""week"": ""none"", ""weekday"": ""none"", ""day"": ""none"", ""term"": ""-1""}"
接到通知，某周星期五要开会，就像上个月那次。 ,"{""month"": ""-1"", ""week"": ""none"", ""weekday"": ""5"", ""day"": ""none"", ""term"": ""none""}"
学校安排课程结束后，本学期的最后一周考试 ,"{""month"": ""none"", ""week"": ""none"", ""weekday"": ""none"", ""day"": ""none"", ""term"": ""0""}"
学习已近尾声，本学期的最后一周考试 ,"{""month"": ""none"", ""week"": ""none"", ""weekday"": ""none"", ""day"": ""none"", ""term"": ""0""}"
学习安排已确定，后天下午有课。 ,"{""month"": ""0"", ""week"": ""none"", ""weekday"": ""none"", ""day"": ""2"", ""term"": ""none""}"
公司会议安排有规律，上个月周一开会 ,"{""month"": ""-1"", ""week"": ""none"", ""weekday"": ""1"", ""day"": ""none"", ""term"": ""none""}"
听说课程安排有变，后天下午有课。 ,"{""month"": ""0"", ""week"": ""none"", ""weekday"": ""none"", ""day"": ""2"", ""term"": ""none""}"
我刚确认了课表，明天下午有课。 ,"{""month"": ""0"", ""week"": ""none"", ""weekday"": ""none"", ""day"": ""1"", ""term"": ""none""}"
公司临时安排事务，上个月周六开会处理相关问题 ,"{""month"": ""-1"", ""week"": ""none"", ""weekday"": ""6"", ""day"": ""none"", ""term"": ""none""}"
课程安排紧凑，想起来之前有天下午有课 ,"{""month"": ""0"", ""week"": ""none"", ""weekday"": ""none"", ""day"": ""-2"", ""term"": ""none""}"
我查询了课程安排，明天下午有课。 ,"{""month"": ""0"", ""week"": ""none"", ""weekday"": ""none"", ""day"": ""1"", ""term"": ""none""}"
公司安排会议，本月星期天开会，大家准时参加。 ,"{""month"": ""0"", ""week"": ""none"", ""weekday"": ""7"", ""day"": ""none"", ""term"": ""none""}"
听说课程安排有变，不过后天下午有课。 ,"{""month"": ""0"", ""week"": ""none"", ""weekday"": ""none"", ""day"": ""2"", ""term"": ""none""}"
我记得，之前有一天下午有课。 ,"{""month"": ""0"", ""week"": ""none"", ""weekday"": ""none"", ""day"": ""-1"", ""term"": ""none""}"
得知课程安排，今天下午有课，得提前做好准备。 ,"{""month"": ""0"", ""week"": ""none"", ""weekday"": ""none"", ""day"": ""0"", ""term"": ""none""}"
课程安排已定，明天下午有课需提前做好准备。 ,"{""month"": ""0"", ""week"": ""none"", ""weekday"": ""none"", ""day"": ""1"", ""term"": ""none""}"
学习日程安排里，前天下午有课。 ,"{""month"": ""0"", ""week"": ""none"", ""weekday"": ""none"", ""day"": ""-2"", ""term"": ""none""}"
学习日程里，记忆中那有课的时段，前天下午有课 ,"{""month"": ""0"", ""week"": ""none"", ""weekday"": ""none"", ""day"": ""-2"", ""term"": ""none""}"
学习生活紧张，上学期的最后一周考试来临 ,"{""month"": ""none"", ""week"": ""none"", ""weekday"": ""none"", ""day"": ""none"", ""term"": ""-1""}"
本学期课程安排已定，下学期的最后一周考试。 ,"{""month"": ""none"", ""week"": ""none"", ""weekday"": ""none"", ""day"": ""none"", ""term"": ""1""}"
公司会议安排有规律，上个月周一开会 ,"{""month"": ""-1"", ""week"": ""none"", ""weekday"": ""1"", ""day"": ""none"", ""term"": ""none""}"
学习安排已定，下学期的最后一周考试。 ,"{""month"": ""none"", ""week"": ""none"", ""weekday"": ""none"", ""day"": ""none"", ""term"": ""1""}"
近期课程安排里，昨天下午有课。 ,"{""month"": ""0"", ""week"": ""none"", ""weekday"": ""none"", ""day"": ""-1"", ""term"": ""none""}"
学习阶段临近尾声，本学期的最后一周考试 ,"{""month"": ""none"", ""week"": ""none"", ""weekday"": ""none"", ""day"": ""none"", ""term"": ""0""}"
近期课程安排里，后天下午有课。 ,"{""month"": ""0"", ""week"": ""none"", ""weekday"": ""none"", ""day"": ""2"", ""term"": ""none""}"
朋友问我安排，我告知今天下午有课。 ,"{""month"": ""0"", ""week"": ""none"", ""weekday"": ""none"", ""day"": ""0"", ""term"": ""none""}"
得知课程安排，想到明天下午有课，心中有数。 ,"{""month"": ""0"", ""week"": ""none"", ""weekday"": ""none"", ""day"": ""1"", ""term"": ""none""}"
学习即将收尾，本学期的最后一周考试 ,"{""month"": ""none"", ""week"": ""none"", ""weekday"": ""none"", ""day"": ""none"", ""term"": ""0""}"
朋友询问课程安排，告知其后天下午有课。 ,"{""month"": ""0"", ""week"": ""none"", ""weekday"": ""none"", ""day"": ""2"", ""term"": ""none""}"
校园学习进入关键阶段，本学期的最后一周考试 ,"{""month"": ""none"", ""week"": ""none"", ""weekday"": ""none"", ""day"": ""none"", ""term"": ""0""}"
学校安排课程结束后，上学期的最后一周考试 ,"{""month"": ""none"", ""week"": ""none"", ""weekday"": ""none"", ""day"": ""none"", ""term"": ""-1""}"
学校安排学习进度，本学期的最后一周考试 ,"{""month"": ""none"", ""week"": ""none"", ""weekday"": ""none"", ""day"": ""none"", ""term"": ""0""}"
公司有会议安排，记得上个月周日开会。 ,"{""month"": ""-1"", ""week"": ""none"", ""weekday"": ""7"", ""day"": ""none"", ""term"": ""none""}"
课程安排出来了，今天下午有课。 ,"{""month"": ""0"", ""week"": ""none"", ""weekday"": ""none"", ""day"": ""0"", ""term"": ""none""}"
在学校的日程里，昨天下午有课。 ,"{""month"": ""0"", ""week"": ""none"", ""weekday"": ""none"", ""day"": ""-1"", ""term"": ""none""}"
学校安排课程结束后，下学期的最后一周考试 ,"{""month"": ""none"", ""week"": ""none"", ""weekday"": ""none"", ""day"": ""none"", ""term"": ""1""}"
学校安排课程学习结束后，本学期的最后一周考试。 ,"{""month"": ""none"", ""week"": ""none"", ""weekday"": ""none"", ""day"": ""none"", ""term"": ""0""}"
得知课程安排，才想起后天下午有课。 ,"{""month"": ""0"", ""week"": ""none"", ""weekday"": ""none"", ""day"": ""2"", ""term"": ""none""}"
公司安排会议，本月周四开会，大家做好准备。 ,"{""month"": ""0"", ""week"": ""none"", ""weekday"": ""4"", ""day"": ""none"", ""term"": ""none""}"
我查看了课程安排，明天下午有课。 ,"{""month"": ""0"", ""week"": ""none"", ""weekday"": ""none"", ""day"": ""1"", ""term"": ""none""}"
学习接近尾声，本学期的最后一周考试。 ,"{""month"": ""none"", ""week"": ""none"", ""weekday"": ""none"", ""day"": ""none"", ""term"": ""0""}"
学校课程接近尾声，本学期的最后一周考试 ,"{""month"": ""none"", ""week"": ""none"", ""weekday"": ""none"", ""day"": ""none"", ""term"": ""0""}"
室友告知我，之前有课的那天下午有课。 ,"{""month"": ""0"", ""week"": ""none"", ""weekday"": ""none"", ""day"": ""-1"", ""term"": ""none""}"
公司安排会议，本月星期三开会，大家准时参加。 ,"{""month"": ""0"", ""week"": ""none"", ""weekday"": ""3"", ""day"": ""none"", ""term"": ""none""}"
公司安排会议，本月星期三开会，相关人员参加 ,"{""month"": ""0"", ""week"": ""none"", ""weekday"": ""3"", ""day"": ""none"", ""term"": ""none""}"
近期课程安排里，前天下午有课。 ,"{""month"": ""0"", ""week"": ""none"", ""weekday"": ""none"", ""day"": ""-2"", ""term"": ""none""}"
学习结束临近收尾，上学期的最后一周考试 ,"{""month"": ""none"", ""week"": ""none"", ""weekday"": ""none"", ""day"": ""none"", ""term"": ""-1""}"
日程安排里，记忆中，昨天下午有课 ,"{""month"": ""0"", ""week"": ""none"", ""weekday"": ""none"", ""day"": ""-1"", ""term"": ""none""}"
学习安排已定，下学期的最后一周考试。 ,"{""month"": ""none"", ""week"": ""none"", ""weekday"": ""none"", ""day"": ""none"", ""term"": ""1""}"
得知课程安排，才想起今天下午有课。 ,"{""month"": ""0"", ""week"": ""none"", ""weekday"": ""none"", ""day"": ""0"", ""term"": ""none""}"
室友提醒，今天下午有课，得提前做好准备。 ,"{""month"": ""0"", ""week"": ""none"", ""weekday"": ""none"", ""day"": ""0"", ""term"": ""none""}"
公司安排会议，记得上个月星期天开会。 ,"{""month"": ""-1"", ""week"": ""none"", ""weekday"": ""7"", ""day"": ""none"", ""term"": ""none""}"
回忆课程安排，记起前天下午有课。 ,"{""month"": ""0"", ""week"": ""none"", ""weekday"": ""none"", ""day"": ""-2"", ""term"": ""none""}"
学校课程安排紧凑，昨天下午有课。 ,"{""month"": ""0"", ""week"": ""none"", ""weekday"": ""none"", ""day"": ""-1"", ""term"": ""none""}"
学校安排课程进度，上学期的最后一周考试 ,"{""month"": ""none"", ""week"": ""none"", ""weekday"": ""none"", ""day"": ""none"", ""term"": ""-1""}"
日程安排里，记得好像之前某一天下午有课。 ,"{""month"": ""0"", ""week"": ""none"", ""weekday"": ""none"", ""day"": ""-2"", ""term"": ""none""}"
公司安排会议，本月周天开会讨论项目事宜。 ,"{""month"": ""0"", ""week"": ""none"", ""weekday"": ""7"", ""day"": ""none"", ""term"": ""none""}"
工作安排，本月周四开会商议项目进展事宜。 ,"{""month"": ""0"", ""week"": ""none"", ""weekday"": ""4"", ""day"": ""none"", ""term"": ""none""}"
学习已近尾声，本学期的最后一周考试 ,"{""month"": ""none"", ""week"": ""none"", ""weekday"": ""none"", ""day"": ""none"", ""term"": ""0""}"
课程即将结束，下学期的最后一周考试。 ,"{""month"": ""none"", ""week"": ""none"", ""weekday"": ""none"", ""day"": ""none"", ""term"": ""1""}"
学校安排课程结束后，本学期的最后一周考试 ,"{""month"": ""none"", ""week"": ""none"", ""weekday"": ""none"", ""day"": ""none"", ""term"": ""0""}"
校园学习接近尾声，本学期的最后一周考试 ,"{""month"": ""none"", ""week"": ""none"", ""weekday"": ""none"", ""day"": ""none"", ""term"": ""0""}"
得知课程安排，想到后天下午有课，有些发愁。 ,"{""month"": ""0"", ""week"": ""none"", ""weekday"": ""none"", ""day"": ""2"", ""term"": ""none""}"
公司安排会议，本月周一开会，大家做好准备。 ,"{""month"": ""0"", ""week"": ""none"", ""weekday"": ""1"", ""day"": ""none"", ""term"": ""none""}"
学习安排已定，下学期的最后一周考试 ,"{""month"": ""none"", ""week"": ""none"", ""weekday"": ""none"", ""day"": ""none"", ""term"": ""1""}"
学习即将收尾，本学期的最后一周考试。 ,"{""month"": ""none"", ""week"": ""none"", ""weekday"": ""none"", ""day"": ""none"", ""term"": ""0""}"
记得之前安排课程，昨天下午有课,"{""month"": ""0"", ""week"": ""none"", ""weekday"": ""none"", ""day"": ""-1"", ""term"": ""none""}"
学习告一段落，本学期的最后一周考试来临 ,"{""month"": ""none"", ""week"": ""none"", ""weekday"": ""none"", ""day"": ""none"", ""term"": ""0""}"
我日程安排里，今天下午有课。 ,"{""month"": ""0"", ""week"": ""none"", ""weekday"": ""none"", ""day"": ""0"", ""term"": ""none""}"
重要事务需讨论，届时星期四开会 ,"{""month"": ""1"", ""week"": ""none"", ""weekday"": ""4"", ""day"": ""none"", ""term"": ""none""}"
朋友询问课程安排，回复后天下午有课。 ,"{""month"": ""0"", ""week"": ""none"", ""weekday"": ""none"", ""day"": ""2"", ""term"": ""none""}"
学习渐入尾声，本学期的最后一周考试 ,"{""month"": ""none"", ""week"": ""none"", ""weekday"": ""none"", ""day"": ""none"", ""term"": ""0""}"
课程即将结束，下学期的最后一周考试。 ,"{""month"": ""none"", ""week"": ""none"", ""weekday"": ""none"", ""day"": ""none"", ""term"": ""1""}"
工作安排，本月周二开会，望相关人员准时参加。 ,"{""month"": ""0"", ""week"": ""none"", ""weekday"": ""2"", ""day"": ""none"", ""term"": ""none""}"
公司安排会议，曾在星期二召开过一次。 ,"{""month"": ""-1"", ""week"": ""none"", ""weekday"": ""2"", ""day"": ""none"", ""term"": ""none""}"
我查看课程安排，发现之前某一天下午有课。 ,"{""month"": ""0"", ""week"": ""none"", ""weekday"": ""none"", ""day"": ""-2"", ""term"": ""none""}"
领导安排事务，曾在某星期四开会 ,"{""month"": ""-1"", ""week"": ""none"", ""weekday"": ""4"", ""day"": ""none"", ""term"": ""none""}"
学习渐入尾声，本学期的最后一周考试来临 ,"{""month"": ""none"", ""week"": ""none"", ""weekday"": ""none"", ""day"": ""none"", ""term"": ""0""}"
工作安排里，此前有一次周三开会。 上个月周三开会,"{""month"": ""-1"", ""week"": ""none"", ""weekday"": ""3"", ""day"": ""none"", ""term"": ""none""}"
公司安排会议，本月星期六开会。 ,"{""month"": ""0"", ""week"": ""none"", ""weekday"": ""6"", ""day"": ""none"", ""term"": ""none""}"
公司安排会议，下个月周天开会，请大家准时参加。 ,"{""month"": ""1"", ""week"": ""none"", ""weekday"": ""7"", ""day"": ""none"", ""term"": ""none""}"
室友告知，今天下午有课，得提前做好准备。 ,"{""month"": ""0"", ""week"": ""none"", ""weekday"": ""none"", ""day"": ""0"", ""term"": ""none""}"
我得知了课程安排，明天下午有课。 ,"{""month"": ""0"", ""week"": ""none"", ""weekday"": ""none"", ""day"": ""1"", ""term"": ""none""}"
公司临时安排会议，记得上个月周六开会。 ,"{""month"": ""-1"", ""week"": ""none"", ""weekday"": ""6"", ""day"": ""none"", ""term"": ""none""}"
得知课程安排，后天下午有课，得提前做好准备。 ,"{""month"": ""0"", ""week"": ""none"", ""weekday"": ""none"", ""day"": ""2"", ""term"": ""none""}"
公司有会议安排，记得此前周五开会 ,"{""month"": ""-1"", ""week"": ""none"", ""weekday"": ""5"", ""day"": ""none"", ""term"": ""none""}"
学校教学安排，本学期的最后一周考试 ,"{""month"": ""none"", ""week"": ""none"", ""weekday"": ""none"", ""day"": ""none"", ""term"": ""0""}"
学校安排课程学习后，下学期的最后一周考试 ,"{""month"": ""none"", ""week"": ""none"", ""weekday"": ""none"", ""day"": ""none"", ""term"": ""1""}"
公司安排会议，本月星期四开会，望大家知悉 ,"{""month"": ""0"", ""week"": ""none"", ""weekday"": ""4"", ""day"": ""none"", ""term"": ""none""}"
学习渐入尾声，本学期的最后一周考试 ,"{""month"": ""none"", ""week"": ""none"", ""weekday"": ""none"", ""day"": ""none"", ""term"": ""0""}"
得知课程安排，今天下午有课需提前做好准备。 ,"{""month"": ""0"", ""week"": ""none"", ""weekday"": ""none"", ""day"": ""0"", ""term"": ""none""}"
领导安排，在某个星期一开会，具体待通知 ,"{""month"": ""1"", ""week"": ""none"", ""weekday"": ""1"", ""day"": ""none"", ""term"": ""none""}"
学习安排已定，下学期的最后一周考试。 ,"{""month"": ""none"", ""week"": ""none"", ""weekday"": ""none"", ""day"": ""none"", ""term"": ""1""}"
公司安排会议，本月星期三开会，望大家准时参加 ,"{""month"": ""0"", ""week"": ""none"", ""weekday"": ""3"", ""day"": ""none"", ""term"": ""none""}"
学校安排课程结束后，上学期的最后一周考试。 ,"{""month"": ""none"", ""week"": ""none"", ""weekday"": ""none"", ""day"": ""none"", ""term"": ""-1""}"
我记得，之前有段时间安排是前天下午有课。 ,"{""month"": ""0"", ""week"": ""none"", ""weekday"": ""none"", ""day"": ""-2"", ""term"": ""none""}"
课程安排紧，回忆起之前有一天下午有课 ,"{""month"": ""0"", ""week"": ""none"", ""weekday"": ""none"", ""day"": ""-1"", ""term"": ""none""}"
日程安排里，今天下午有课需按时去上。 ,"{""month"": ""0"", ""week"": ""none"", ""weekday"": ""none"", ""day"": ""0"", ""term"": ""none""}"
学习进入收尾阶段，本学期的最后一周考试 ,"{""month"": ""none"", ""week"": ""none"", ""weekday"": ""none"", ""day"": ""none"", ""term"": ""0""}"
课程安排已出，后天下午有课需提前做好准备。 ,"{""month"": ""0"", ""week"": ""none"", ""weekday"": ""none"", ""day"": ""2"", ""term"": ""none""}"
公司安排会议，本月星期三开会。 ,"{""month"": ""0"", ""week"": ""none"", ""weekday"": ""3"", ""day"": ""none"", ""term"": ""none""}"
学习已近尾声，本学期的最后一周考试 ,"{""month"": ""none"", ""week"": ""none"", ""weekday"": ""none"", ""day"": ""none"", ""term"": ""0""}"
回忆起学习时光，昨天下午有课，很充实。 ,"{""month"": ""0"", ""week"": ""none"", ""weekday"": ""none"", ""day"": ""-1"", ""term"": ""none""}"
回忆课程安排，记得之前有天下午有课。 ,"{""month"": ""0"", ""week"": ""none"", ""weekday"": ""none"", ""day"": ""-1"", ""term"": ""none""}"
公司安排事务，上个月星期天开会讨论方案 ,"{""month"": ""-1"", ""week"": ""none"", ""weekday"": ""7"", ""day"": ""none"", ""term"": ""none""}"
得知课程安排，后天下午有课，需提前做好准备。 ,"{""month"": ""0"", ""week"": ""none"", ""weekday"": ""none"", ""day"": ""2"", ""term"": ""none""}"
公司事务安排，上个月周五开会商议相关事宜。 ,"{""month"": ""-1"", ""week"": ""none"", ""weekday"": ""5"", ""day"": ""none"", ""term"": ""none""}"
公司安排重要工作讨论，周二开会 ,"{""month"": ""1"", ""week"": ""none"", ""weekday"": ""2"", ""day"": ""none"", ""term"": ""none""}"
领导安排，上个月星期日开会，务必全员参加。 ,"{""month"": ""-1"", ""week"": ""none"", ""weekday"": ""7"", ""day"": ""none"", ""term"": ""none""}"
项目推进需沟通，本月周二开会商讨相关事宜 ,"{""month"": ""0"", ""week"": ""none"", ""weekday"": ""2"", ""day"": ""none"", ""term"": ""none""}"
得知课程安排，明天下午有课，得提前做好准备。 ,"{""month"": ""0"", ""week"": ""none"", ""weekday"": ""none"", ""day"": ""1"", ""term"": ""none""}"
校园学习生活里，上学期的最后一周考试 ,"{""month"": ""none"", ""week"": ""none"", ""weekday"": ""none"", ""day"": ""none"", ""term"": ""-1""}"
近期课程安排里，前天下午有课。 ,"{""month"": ""0"", ""week"": ""none"", ""weekday"": ""none"", ""day"": ""-2"", ""term"": ""none""}"
学习安排里，记得前天下午有课。 ,"{""month"": ""0"", ""week"": ""none"", ""weekday"": ""none"", ""day"": ""-2"", ""term"": ""none""}"
公司安排会议，原本定下本月星期四开会。 ,"{""month"": ""0"", ""week"": ""none"", ""weekday"": ""4"", ""day"": ""none"", ""term"": ""none""}"
工作安排有调整，周五开会探讨事宜。 ,"{""month"": ""1"", ""week"": ""none"", ""weekday"": ""5"", ""day"": ""none"", ""term"": ""none""}"
我安排好了日常，今天下午有课得去上。 ,"{""month"": ""0"", ""week"": ""none"", ""weekday"": ""none"", ""day"": ""0"", ""term"": ""none""}"
室友告知我，明天下午有课，得提前做准备。 ,"{""month"": ""0"", ""week"": ""none"", ""weekday"": ""none"", ""day"": ""1"", ""term"": ""none""}"
近期工作安排，本月周三开会商讨相关事宜。 ,"{""month"": ""0"", ""week"": ""none"", ""weekday"": ""3"", ""day"": ""none"", ""term"": ""none""}"
学习生活临近收尾，上学期的最后一周考试 ,"{""month"": ""none"", ""week"": ""none"", ""weekday"": ""none"", ""day"": ""none"", ""term"": ""-1""}"
学习已至收尾阶段，本学期的最后一周考试 ,"{""month"": ""none"", ""week"": ""none"", ""weekday"": ""none"", ""day"": ""none"", ""term"": ""0""}"
公司安排，本月星期天开会，望大家准时参加。 ,"{""month"": ""0"", ""week"": ""none"", ""weekday"": ""7"", ""day"": ""none"", ""term"": ""none""}"
校园学习生活里，上学期的最后一周考试 ,"{""month"": ""none"", ""week"": ""none"", ""weekday"": ""none"", ""day"": ""none"", ""term"": ""-1""}"
校园学习节奏里，上学期的最后一周考试 ,"{""month"": ""none"", ""week"": ""none"", ""weekday"": ""none"", ""day"": ""none"", ""term"": ""-1""}"
近期课程安排出来了，后天下午有课。 ,"{""month"": ""0"", ""week"": ""none"", ""weekday"": ""none"", ""day"": ""2"", ""term"": ""none""}"
近期课程安排里，记得前天下午有课。 ,"{""month"": ""0"", ""week"": ""none"", ""weekday"": ""none"", ""day"": ""-2"", ""term"": ""none""}"
我记得当时课程安排紧凑，前天下午有课。 ,"{""month"": ""0"", ""week"": ""none"", ""weekday"": ""none"", ""day"": ""-2"", ""term"": ""none""}"
得知课程安排，明天下午有课，得提前做好准备。 ,"{""month"": ""0"", ""week"": ""none"", ""weekday"": ""none"", ""day"": ""1"", ""term"": ""none""}"
近期课程安排里，记得前天下午有课。 ,"{""month"": ""0"", ""week"": ""none"", ""weekday"": ""none"", ""day"": ""-2"", ""term"": ""none""}"
项目推进需沟通，本月周四开会商讨相关事宜 ,"{""month"": ""0"", ""week"": ""none"", ""weekday"": ""4"", ""day"": ""none"", ""term"": ""none""}"
公司通知，本月星期三开会，望准时参加。 ,"{""month"": ""0"", ""week"": ""none"", ""weekday"": ""3"", ""day"": ""none"", ""term"": ""none""}"
同学告知，明天下午有课，我得提前做好准备。 ,"{""month"": ""0"", ""week"": ""none"", ""weekday"": ""none"", ""day"": ""1"", ""term"": ""none""}"
室友告知，明天下午有课，得提前做好准备。 ,"{""month"": ""0"", ""week"": ""none"", ""weekday"": ""none"", ""day"": ""1"", ""term"": ""none""}"
工作安排，本月周四开会，望大家准时参加。 ,"{""month"": ""0"", ""week"": ""none"", ""weekday"": ""4"", ""day"": ""none"", ""term"": ""none""}"
公司安排会议，本月星期日开会商讨项目事宜。 ,"{""month"": ""0"", ""week"": ""none"", ""weekday"": ""7"", ""day"": ""none"", ""term"": ""none""}"
公司安排会议，本月周二开会，大家做好准备 ,"{""month"": ""0"", ""week"": ""none"", ""weekday"": ""2"", ""day"": ""none"", ""term"": ""none""}"
